精钢镐	一把普通的精钢镐头，可以用于开采紫铜
紫铜镐	一把紫铜镐头，开采能力有了大幅度加强
晶化钻头	一把晶化合金钻头，即使是坚硬的冰块也可以迅速被刨开！
死神之镰	虽然名字很唬人，但这些附着的灵魂唯一作用就是更快的收割绝音蕨。<br>[收割]技能视为高4级！
暗影斧	相当锋利的斧头。不过面对百年柳木，依然需要较长的时间来砍伐。
充能斧	愈加锋利的斧头。砍伐百年柳木如吃饭一样简单了！
粘合帽子	由凝胶，飞蛾翅膀粘合成的头部内甲
粘合背心	由凝胶，飞蛾翅膀粘合成的胸部内甲
粘合裤子	由凝胶，飞蛾翅膀粘合成的腿部内甲
粘合袜子	由凝胶，飞蛾翅膀粘合成的脚部内甲
异兽帽子	由异兽皮制成的头部内甲
异兽背心	由异兽皮制成的胸部内甲
异兽裤子	由异兽皮制成的腿部内甲
异兽袜子	由异兽皮制成的脚部内甲
活性帽子	由活性材料塑造成的头部内甲
活性背心	由活性材料塑造成的胸部内甲
活性裤子	由活性材料塑造成的腿部内甲
活性袜子	由活性材料塑造成的脚部内甲
苇编帽子	湛蓝芦苇编织成的内甲，通过传导能量削弱一部分敌方的攻击。
高能帽子	高能织料制成的内甲，内部能量可以部分用来补充体力。
黑森帽子	黑森织料制成的内甲，贴身护甲暂时不会和兵器一样过时。
极寒帽子	极寒织料制成的内甲。附加词条也是防御：极寒织料的特性即是如此。
极寒背心	极寒织料制成的内甲，附加词条也是防御：极寒织料的特性即是如此。
幻符帽子	幻符织料制成的内甲。本来应该是隐身的，可惜外甲还是可以被看见……
密林帽子	密林织料制成的内甲。鲜红如血，在必要时候也能转化出血液用于恢复！
冰棉帽子	青冰棉制成的内甲。侧重敏捷，也提供部分恢复和一丁点对宝石的吸收效果。
铁制头盔	制式的铁制头盔外壳，因阻挡视野会略微影响攻击速度
铁制胸甲	制式的铁制胸甲外壳
铁制腿甲	制式的铁制腿甲外壳
铁制战靴	制式的铁制战靴外壳，会略微影响行动
紫铜头盔	A1级盔甲，轻便而坚硬
地宫头盔	有一定的毒性，但在荒兽海中显得无关紧要。
充能头盔	A6级盔甲，和活性内甲一样可以完美贴合身体。
脉冲头盔	A8级盔甲，可以对能量起到缓冲作用。
海绿头盔	B1级盔甲，可以对能量起到缓冲作用。
秘银头盔	B5级盔甲，燕岗城护卫长的制式装备。
冰髓头盔	真的非常冷。不过黑森织料和火灵幻海会保护喵可的！
水素头盔	它本身是几乎透明的……外甲不能单独穿戴！想什么呢！
魂晶头盔	从魂晶开始，因为需要更厚的装甲来发挥材料的潜力，它们的消耗翻倍了！(经验也翻倍了)
远古头盔	战场气息是叠易伤的一把好手。直观的体现就是普攻倍率。
红钨头盔	让敌人因为自己的精血气息受到震慑……换谁谁不怕哇！
铁锭	金属残片熔炼而成的铁锭。可以用于制作作剑刃，盔甲
精钢锭	掺杂了其他金属的铁合金。硬而脆，只能用作剑刃。
紫铜锭	勉强入级的A1级金属，性能均匀
宝石锭	利用能力宝石打成的锭。这可不会被软上限..
地宫金属锭	强度在A2级别的合金。鱼龙混杂的地宫材料导致它制作的护甲有毒，销路糟糕。此外，因快速的市场饱和，它的市场价还没有它材料的一半贵。
暗影钢锭	由黑色刀币与魂魄重铸而成的金属。强度高达A4级——在血洛大陆，无用的物品不可能成为货币。
活化柳木	注入了荒兽的活性成分之后，导能更加强大的柳木
充能合金锭	可以通过多种手段熔炼的A6级合金。在清野江畔一带也很难找到更好的金属了。
脉冲合金锭	脉冲合金与浅蓝晶粉组成的A8级合金。拥有蓄能的特性。
缠绕水晶	模拟【缠绕骸骨】做成的剑柄部件。
蓝金锭	结界湖中储量较大的A9级金属。因为生物富集作用，荒兽血肉中也含有大量这样的金属。
海绿锭	利用绿色刀币铸成的B1级合金。或许是因为大人物偶尔也会用到，它基本无毒，可以用作盔甲。
固态凝胶	雷电加护劈高能凝胶出现的稳定蜡状物。比起缠绕水晶导能性质一致，手感好得多。
红钢锭	重甲残骸被红黑印记还原并加强后的金属。强度约为B2-B3。
秘银锭	城主府统一作为奖励发放的合金。其中似乎富含Pt/Fe/Cs,还有一些法力能量用于调和。
旋律合金锭	使用兽角和荧光精华炼制出的合金。强度B6级，但不适于做盔甲...否则黑暗中自带发光索敌效果。
万载冰髓锭	【冰原超流体】的相变产物。强度为B6级中上。
光暗枝丫	被荧光精华注入的黑白枝丫。与精神念力更为适配，外表也更为顺滑。
黑森织料	性质改良过的叶片。看起来不像是叶片了...不然喵可要变成野人了！
峰	<span class='realm_cloudy'>云霄级巅峰</span><br><b><span style='color:#00fa9a'>百线流</span> <span style='color:#edec9f'>金空法则</span><br><span style='color:lime'>4.489垓</span> <span style='color:red'>167.24京</span> <span style='color:blue'>86.49京</span></b> <br><br>价值连城……但是，前提是你有命拿。
结界湖之心·材	无法继续被佩戴，只是用于合成【飞船之心】的临时解决方案。
飞船之心·材	无法继续被佩戴，只是用于合成【冰原之心】的临时材料。
冰原之心·材	无法继续被佩戴，只是用于合成【幻境之心】的临时材料。
晶化合金锭	【万载冰髓】与冰宫中的镶嵌宝石结合成的合金。表面十分锋利，因此不适合制作盔甲。强度为B7+级。
极寒织料	将万载冰髓打碎，研磨，注入能量回路中……冰元素固然寒冷刺骨，但广谱能量抵消的特性仍然使它值得作为材料。
冰块	非常普通的冰块，在地宫都嫌便宜。完全就是建筑废料……
水素合金锭	水素晶体注入冰原超流体得到的合金。比起冰元素，水元素与它的相性更好。它的强度为B9-级。
虹彩杖芯	悬浮着的光环杖芯本就是不错的念力兵器材料，而虹彩凝胶的多种元素更使得兵器可以更加灵活。
破空紫蕨	引力异常的功率可不止于让绝音蕨自动漂浮！它可以打乱战斗区域的光线，让敌人手忙脚乱！
宝石母锭	吞噬星空的设定中，矿脉中会含有100ppm的【精】和10ppb的【母】，分别+1tier和+2tier。<br>因此，宝石锭是A1级，宝石母锭就是C1级了！
魂晶锭	吸收魂魄的紫晶锭。粗制器灵，但是更强了——境界越高的修者，死后的魂魄残留越多的灵性。
冰家玉简	凭它可以招揽冰蓝(出狱后突破至天空级巅峰)和秋兴(出狱后突破至天空级八阶)加入重组纳家！<br>别跟我说这东西上面该写个冰字。<br>否则我就狡辩血洛大陆通用语是象形文字！
盖亚合金锭	与大地有着天然的亲和……人话就是很重！砍人超级疼！
远古合金锭	吸收了战场气息的金属。打人带破甲，也就是相当高的等效攻击！
密林织料	可以视为大大增强的活性织料。正如看起来的一样，能给不少回血~
古源金锭	某种意义上是高级魂晶。但是混入了太多魂魄，所以穿在身上会造反！
血灵骨棉	爆燃粉末升华琥珀金骨，形成类似Raney Ni……串台了！总之倒进血灵液就可以用做轮芯了。
红钨锭	也许有人好奇为什么这些百家精血的装备就不会造反了。其实是因为高温灭灵过了……
青冰棉	这一区虽然有茸茸和追光者……但凝胶的性质决定了它无法刻录稳定符文和法阵。这使凝胶类物品在C1级以上越来越不占优。
紫铜矿	普通的A1级金属矿石，可以使用毒液彻底炼化
煤炭	真正的煤炭！吸收了部分能量的它，可以提供比魔力碎晶高得多的温度。
百年柳木	荒兽森林中常见的大树木材。材质相当好，适合传导力量。
湖鲤鱼	结界湖的能量也无法改变鲤鱼不好动的天性。作为大地级六阶的鱼类，连潮汐级初等的修者都有机会把它拽上来。
青花鱼	另一种结界湖鱼类。因为贪吃的食性而较为灵活，同等境界下需要费一番功夫才能捕捉。
冰柱鱼	结界湖中鱼王一般的存在。体型不大却极为难缠，传说曾经有过天空级冰柱鱼飞出水面的记录。
血莲鱼	青花鱼的究极形态——天空级七阶。比起只会沉浮的鱼，学会了在二维平面移动……
冰柱鱼王	传说有误！结界能量太充沛了，冰柱鱼王突破到天空级巅峰 +了！这里最强的不会有3+境吧……虽然没资源突破不了云霄级就是了啦。
地图-藏宝地	绘制着最近新发现的一处藏宝地。(纳可已经记住地点，可以放心售卖)
牵制-从入门到入土	被完全涂黑了，只留下一句血洛大陆通用语的血书：牵制毁一生,匙弱穷三代。
微花残片	没事...父亲大人进不去秘境。他肯定不知道是我偷偷把光环弄坏的！(持有时2-3与2-4 BOSS战光环-8%/个，不少于0%)
符文工作台套件	海量海绿锭和废墟符文雕刻成的工作台。[使用]此物品即可解锁T8工作台的使用！(对了，制作配方需要材料多的可怕，所以建议直接买)
极寒相变引擎	使用多冲程压缩-膨胀来制冷的套件，附带隔热装置。<br>可用于生产万载冰髓与玄冰果实·觉醒。<br>具体使用方式详见左下角问号菜单！
冰宫商人	冰宫的女巫们已经把他的身上给搜干净了。当奴隶还能卖一点钱，但放走了等他对接货源收益更高！<br>PS:每血洛日0点刷新商品
牵制-从入门到精通	传承水晶的知识补全了被涂黑的书！虽然自己不应该用，但可以套路心魔……<br>实际效果:【压制·伪】判定 +1%牵制比重(上限100%/加权几何平均)<br>
微尘·凶兽肉排	煮熟的年幼凶兽肉排。食用后每秒回复40点血量，持续60秒
万物·凶兽肉排	虽然颜色很奇怪但是真的能吃！食用后每秒回复80点血量，持续60秒
潮汐·凶兽肉排	潮汐级凶兽的肉。不仅可以回血，还可以增加少许领悟！
地宫恢复药水	它并不十分好喝。悲哀的是，地宫怪物的肉口感更糟...
地宫狂暴药水	可以短时间内大幅增强你的力量。嘛，就是有一点副作用...
地宫·荒兽肉排	大地级荒兽的肉。谢天谢地，地宫深处终于有有能吃的东西了。
森林·荒兽肉排	大地级中期荒兽的肉。出了地宫之后，外面的荒兽好吃了不少。
A9·魔攻药剂	提供10%魔攻，代价是普攻倍率-10%。
A9·牵制药剂	提供60%效果的牵制，上限为3倍增伤。
A9·回风药剂	可以进行0.8,1.2两段不对等打击，代价是1%流血效果。
A9·坚固药剂	将每回合受到伤害限制在生命上限的5%，代价是1%流血效果。
废墟恢复药水	兰陵城探险者常备的药剂。似乎是用大锅炖出来的。
废墟狂暴药水	兰陵城探险者常备的药剂。为什么用大锅炖呢...因为高能凝胶会把脆弱的炼金设备弄坏啦。
战场·荒兽肉排	大地级后期荒兽的肉。比起鱼类，更大的优点是可以批量生产...
超浓缩·坚固药剂	经过剧烈的提纯之后，对B5级以下都可以产生效力的药剂。只是持续时间大打折扣。
血气升腾药剂	可以暂时通过让气血外放，抑制【散华】作用的药剂。为防止喝完暴毙，还附带了恢复气血的功能。
能量冰沙	将部分生命隐匿起来，从而增大生命的【容量】。
沼泽·荒兽肉排	天空级初期荒兽的肉。和之前的肉都不一样，它是被油炸过的！
B9·反戈药剂	反弹75%伤害，无视防御还给敌人！代价是普攻倍率-20%，且反伤不能击杀敌人(会保留1血)
B9·灵闪药剂	如果敌人的攻击少于角色的2倍，角色受到的伤害减少(角色防御/敌人防御)的二分之一。反之，增加(角色防御/敌人防御)的两倍。该效果不会把伤害降低到0以下或提高到100倍以上。
B9·散华药剂	敌人的攻击被削弱(角色生命/敌人生命)^0.5 * 10(单位:%)，但会造成生命流失1%。该效果不会把敌方基础攻击降低到0以下。
B9·异界药剂	基础攻击倍率变为10%，但每次命中以20% 30%...递增。长线战斗就选它！
B9·??药剂	使用后随机获取5瓶B9级炼金药剂。
幻境·恢复精华	被击碎的传承水晶·绿。是稀有的百分比恢复——别想囤几十万个！云霄级突破清buff的！
幻境·狂暴精华	被击碎的传承水晶·蓝。绝对出乎意料的是，这个没有debuff！结界的一百纪元里，配方已经变得完美了呢。
草木之芯	类似于吞噬星空雾岛的那些东西，不过境界略高一筹。可以使用的同时它也是材料。
蘸酱烤肉	虽然是心头血做的酱料，但毕竟含有磅礴的生命能量，肯定好吃就是了~
灵红补给品	其实……百分比恢复也不是那么危险的设计？
灵蓝补给品	古人埋在秘境里的东西。并没有那么稀有，毕竟这些补给品算是制式装备。
燃血鲜花	毬毬山谷四处都是长这样的A3级普通鲜花。然而，根据吞噬星空定律，其中有0.01%的B3级爆血鲜花和亿分之一的C3级燃血鲜花……诺，就在这里啦！
焚血花王	比【燃血鲜花】高6阶的罕有天材地宝。强化效果和【燃血鲜花】不冲突，且略强一线。下区的【血峰之心】同样需要它。
粘合织料	涂抹了凝胶的飞蛾翅膀结合体，适合与皮肤亲密接触
润灵铜骨	用灵液将铜骨和天蚕丝融合的产物
活性织料	有一定生命活性的耐极端环境混合物。其类似物曾被用于制造【黑神】套装。
湛蓝芦苇	秘境芦苇的纤维被水溶精华分散，填充。传导能量，抵消攻击的能力有了巨大的提高。
高能织料	蕴含着大量待释放能量的粘性材料，在攻击袭来时首先可以抵消一部分。
幻符织料	幻境符文/绝音蕨的两层吸收使得它几乎完成了光学隐身。什么叫外甲可以被看见？不要在意那些细节！
绝音蕨	本身价值不算高昂，但却是第三幕最佳内甲的必备材料！
噬芒兰	它暗到似乎可以吸收周围的光。幻境阵法中多余的暗元素全数汇入了四重幻境，它就是受益者。
初始黄宝石	可以强化力量的晶体，使用时随机增加攻击/防御/敏捷1点或生命50点
初始蓝宝石	可以强化力量的晶体，使用时随机增加攻击/防御/敏捷2点或生命100点
初始红宝石	可以强化力量的晶体，使用时随机增加攻击/防御/敏捷5点或生命250点
初始绿宝石	可以强化力量的晶体，使用时随机增加攻击/防御/敏捷10点或生命500点
高级黄宝石	高阶的晶体，使用时随机增加攻击/防御/敏捷20点或生命1000点
高级蓝宝石	高阶的晶体，使用时随机增加攻击/防御/敏捷50点或生命2500点
高级红宝石	高阶的晶体，使用时随机增加攻击/防御/敏捷100点或生命5000点
高级绿宝石	高阶的晶体，使用时随机增加攻击/防御/敏捷200点或生命1万
极品黄宝石	极为珍贵的晶体，使用时随机增加攻击/防御/敏捷500点或生命2.5万
极品蓝宝石	极为珍贵的晶体，使用时随机增加攻击/防御/敏捷1000点或生命5万
极品红宝石	极为珍贵的晶体，使用时随机增加攻击/防御/敏捷2000点或生命10万
极品绿宝石	极为珍贵的晶体，使用时随机增加攻击/防御/敏捷5000点或生命25万
殿堂黄宝石	普通人一生难得一见的晶体，使用时随机增加攻击/防御/敏捷1万或生命100万
殿堂蓝宝石	普通人一生难得一见的晶体，使用时随机增加攻击/防御/敏捷2万或生命200万
殿堂红宝石	普通人一生难得一见的晶体，使用时随机增加攻击/防御/敏捷5万或生命500万
殿堂绿宝石	普通人一生难得一见的晶体，使用时随机增加攻击/防御/敏捷10万或生命1000万
史诗黄宝石	极端稀有的晶体，使用时随机增加攻击/防御/敏捷20万或生命2000万
史诗蓝宝石	极端稀有的晶体，使用时随机增加攻击/防御/敏捷50万或生命5000万
史诗红宝石	极端稀有的晶体，使用时随机增加攻击/防御/敏捷100万或生命1亿
史诗绿宝石	极端稀有的晶体，使用时随机增加攻击/防御/敏捷200万或生命2亿
传说黄宝石	能引发天空级强者厮杀的宝物，使用时随机增加攻击/防御/敏捷500万或生命5亿
传说蓝宝石	能引发天空级强者厮杀的宝物，使用时随机增加攻击/防御/敏捷1000万或生命10亿
传说红宝石	能引发天空级强者厮杀的宝物，使用时随机增加攻击/防御/敏捷2000万或生命20亿
传说绿宝石	能引发天空级强者厮杀的宝物，使用时随机增加攻击/防御/敏捷5000万或生命50亿
血杀剑	虽然看起来是剑，但其实是血洛晶的一丝碎片，蕴含着强烈的杀戮能量！使用时必定增加攻击1亿。
神话黄宝石	仅仅一颗就可以掀起小范围的腥风血雨，使用时随机增加攻击/防御/敏捷1亿或生命200亿
神话蓝宝石	仅仅一颗就可以掀起小范围的腥风血雨，使用时随机增加攻击/防御/敏捷2亿或生命400亿
神话红宝石	仅仅一颗就可以掀起小范围的腥风血雨，使用时随机增加攻击/防御/敏捷5亿或生命1000亿
神话绿宝石	仅仅一颗就可以掀起小范围的腥风血雨，使用时随机增加攻击/防御/敏捷10亿或生命2000亿
凝胶	从死去的史莱姆中发现的凝胶。可以用作缓冲垫，但并不耐用。
金属残片	损坏的普通金属片。已经无法用于制造剑盾，但或许还能重新熔炼？
魔力碎晶	一小块残留着魔力的水晶。内部的能量仍然足以烤肉或炼铁。
飞蛾翅膀	飞蛾留下的完整翅膀。可以用作衣服的材料
坚硬石块	燕岗城郊山上的大块石头，废弃傀儡和石头人也是它们制造的。
微尘·凶兽肉块	微尘级凶兽的肉。散发着腥味，或许需要烤一烤？
骨头	一根粗大的骨头。光是拿着就感觉阴森森的..
铜骨	万物级骷髅死后留下的青铜骨头。它的硬度和韧性都很不错！
万物·凶兽肉块	万物级凶兽的肉。蕴含的气血充沛，价格略高。
合金残片	傀儡身上的特殊金属，掺杂在铁锭中可以增强硬度
异兽皮	万物级异兽的皮毛，兼具硬度和韧性
毒液	郊外常见的毒素集合体。A1级合金“紫铜”需要它作为原材料。
灵液	潮汐级魔物的精华，具有多种优异性能。
天蚕丝	切叶虫茧的构建材料，蕴含有风元素。初步具有智慧的潮汐级凶兽也常常携带着它。
潮汐·凶兽肉块	潮汐级凶兽的肉。蕴含有元素之力，没有煤炭火焰难以煮熟。
大地级魂魄	纯灵体荒兽体内的魂魄。经处理后可以成为纯净的能量。
巨型眼球	大地级荒兽的眼球，可以作为生命恢复药剂的素材
A1·能量核心	部分“内丹”修炼体系荒兽体内的核心。可以在短时间内诱导出巨大的力量。
断剑	荒兽使用的土制低劣武器。虽然本身易于断裂，但是它的潜力不止于此
地宫·荒兽肉块	地宫核心可以吃的荒兽肉！原来是能吃的荒兽都跑到核心去了嘛？
霜炙皮草	可以耐受极寒与炙热的皮草，只能从大地级荒兽中获取
流动凝胶	大地级流动怪物死后留下的凝胶。比起潮汐级以下的死物，它们仍然保有一定的活性。
一丝荒兽森林感悟	在荒兽森林的战斗中，积累的战斗经验和突破感悟。(已弃用/现版本无法获取/请去找心之石像白嫖一颗突破)
凝实荒兽森林感悟	对细碎战斗感悟整理而成的完整感悟，可以用于突破大地级或积累经验值。
森林·荒兽肉块	作为以荒兽闻名的森林，这里的肉比地宫多多了...
甲壳碎片	有坚硬外骨骼荒兽的甲壳碎片。用于熔炼A6级充能合金。
荒兽精华	虽然它既不好吃还没有壳，但是它的心头血还是能量充沛的。
水溶精华	江边水生系荒兽的精华。可以用作魔法药剂的材料。
秘境芦苇	纳家秘境里的一种柔性材料，可以吸收能量攻击，许多修行者和荒兽都会携带。
浅蓝晶粉	某种更蓝一些的末影珍珠同位体。很遗憾，血洛大陆的传送没那么容易。
A7·能量核心	部分“灵”体内的能量结晶。可以在短时间内诱导出巨大的力量。
蓝金碎片	威武武士就是靠这个变成威武异衣士的。出乎意料的，秘境里居然有高强金属！
透明水晶	比柳木更好一线的剑柄能量传导材料。唯一的缺点是过于坚硬，难以直接握住。
结界湖血肉	死水旁边的荒兽不能直接吃！但是可以用来铸造蓝金...
废墟符文	似乎蕴含着神奇的力量。积攒的足够多可以造出一台T8工作台...当然，直接买便宜多了。
废墟精华	从废墟中萌发的蓬勃生命力。可以与水火徽章形成共鸣，或者用于制造更多缠绕水晶。
高能凝胶	战场灵体生物体内的黑色凝胶。汇聚了能量，有多种用途。
战场·荒兽肉块	虽然环境混乱不堪，但是抵达大地级后期的荒兽都拥有自我净化能力。即使是哥布林也能吃...
B1·能量核心	你知道这是什么的，对吧？超进化·煤炭desu！
红黑印记	制式重工机械体内的专属印记。可以用于在熔炼时增加金属的强度。
雷电加护	阻激夹域机械体内的一缕电属性痕迹。法则属性几乎为0，但已足以固化高能凝胶。
重甲残骸	飞船冒险者留下的铠甲。尚未被红黑印记增幅。
摩羽币	中等宇宙国度的货币。按宇宙币计价大约只有200Z的价值，但在血洛大陆相当有收藏意义。
进化结晶凝聚-一学就会	因为一学就会，你已经学会了。可以卖掉它了！(请检查核心反应堆)
初等进化结晶	天地间充沛的能量滋养诞生的晶体，接触后能够化作海量的经验为人所用。增加1000亿经验值，可用于突破【天空级】。(Tips:即必须在已有9000亿以上经验时使用才能突破)
中等进化结晶	稀有且常常破碎的能量晶体，纳可借助狗王之腹方才凝聚成一颗完整的。增加10京经验值，可用于突破【云霄级】。(Tips:即必须在已有90京以上经验时使用才能突破)
中等进化结晶碎片	天地间充沛的能量滋养诞生的晶体碎片，接触后能够化作海量的经验为人所用。增加1000兆经验值，或等待【第四幕】更新后合成【中等进化结晶】突破云霄级。
一捆高能凝胶	飞船核心机械的冷却剂。可以拆分为100个普通高能凝胶。
一捆B1·能量核心	飞船核心机械的能量源。可以拆分为100个普通B1·能量核心。
B6·飞船核心	强烈建议不要卖掉。【结界湖之心】在V3.0X将会超过好不容易省下的姐姐，而重铸一颗飞船核心非常昂贵...
荒兽凭证	击杀【天空级初期】荒兽的证明。可以用于在沼泽入口兑换材料。一只荒兽只会有一份，但人可能有更多...
沼泽·荒兽肉块	或许会因为进化过快有辐射。但天空级完全可以无视这些杂乱的能量了~
荧光精华	沼泽天然发光体的遗物。它的荧光可以驱散常年不散的瘴气。
沼泽兽油	虽然卖相不好，却是荧光精华想要长期发光不可或缺的补给品。它还有一些邪恶的用法..
天空兽角	黑暗森林中荒兽的角。被原能浸润过了，是合金的好材料。
B4·能量核心	如果放进核心反应堆会导致瞬间爆炸。这样不稳定的燃料需要更可靠的反应堆。
黑白枝丫	很遗憾，它们不是超巨大的宝石。不过，它们拥有【念力操控】属性..
黑森叶片	看似很小其实又大又厚。在恰当的处理后可以做成更好的织料。
多孔冰晶	空气是热的不良导体。虽然冰原气体似乎不是氮氧混合物，但不妨碍它成为良好的隔热材料。
冰原超流体	热容类似水，冰点类似氦。<br>在吸收足量冰元素之后会相变为万载冰髓……<br>正如其名，此转化在冰原常温[240K]下大约需要一个纪元。
玄冰果实	冷却到足够低温后会凝结出一颗冰霜核心。<br>需要在【极寒相变引擎】中散热给【冰原超流体】！
镶晶盾牌	冰宫中的高级盾牌，镶嵌着特殊的晶体。可以用于和万载冰髓锭形成合金！
冰宫鳞片	并不全是龙鳞，只要可以剥皮的敌人身上都会有。没有它的话会被万载冰髓冻死的……
光环杖芯	女巫构建的稳定微型能量回路。可以持续向外转化光环能量，也可用于调和不同性质的力量。
B7·能量核心	颜色更加深邃而内敛了。或许云霄级的核心会有一个惊喜？
虹彩凝胶	和那个只值几十个铜板的兄弟不同，它的彩色来源于多种元素的力量，因此价值不菲。
水素晶体	这个水素不是hydro-gen，而是水元素啦……或者你也可以当它是无人深空那个二氢晶体？
传承水晶·橙	左阿传承的一部分。一种与幻境阵法核心相连的水晶，能量输出比能量核心稳定许多。
传承水晶·白	左阿传承的一部分。单纯锋利而闪光的水晶。
传承水晶·绿	左阿传承的一部分。蕴含大量生机的水晶，加强热以提取能量。
传承水晶·蓝	左阿传承的一部分。蕴含大量虚浮力量的水晶。
传承水晶·粉	左阿传承的一部分。看似杂乱无章，实际上却含有大量能量回路的水晶。
天空级魂魄	保留完整能量回路，自动吸收天地间能量的魂魄。放置数年也不会丢失记忆。
紫晶碎片	蓝金的上位金属。晶莹剔透，具有容纳灵魂的潜质。
幻境符文	由纳可的水火领域外溢的能量衍生的符文。巨型结界的作用可不是盖的！
引力反常	天外飞船到底是怎么飞进血洛的？这就是答案了！
城门之星	城门战的参与令牌。天空级小队也有一人一颗，所以爆的更多！
C1·能量核心	好吧。看起来只是变得更加大只和鲜艳了。总感觉它已经开始不稳定了……
力场发生器	怎么GregTech也干了啊！言归正传……死线的5倍伤害太op了。削弱之道，就在其中~
远古碎片	本是被击碎的B5级普通金属，但在数纪元前的古战场中吸收了海量斗战气息，得到了巨大的强化。
血灵液	云霄级敌人的精血。治疗效果很强，当然当酱料蘸也是可以的。
云霄宝肉	为什么只有荒兽不能杀了吃肉呢？好吧可以吃的。之所以掉率那么低是因为只有核心的一小块有云霄级别能量……
云霄级魂魄	比起天空级的，多出了双层结构，存续时间大大提升。当然，古墓都几个纪元了，再怎么坚韧最初的那些魂魄也消散了，这些都是探险者的魂魄。
琥珀金骨	正在从银骨向金骨转化的云霄级荒兽骨头，目前转化进度72.2%。这绝对不是舞萌rating后三位之类的数字！
爆燃粉末	瞬间的高温可以升华琥珀金骨，在膨胀冷凝后，生成物又可以辅助琥珀金骨凝为纤维状……
残破兽铠	极致坚硬的云霄级荒兽皮肤。呈红色是因为融入了部分精血，因此也成为了上等的炼器材料。
魔力布匹	刻录许多自增幅符文的布匹，对基因原能和精神念力都有一定比例的增幅作用……至少在它饱和之前。
极冰骨髓	按照冰元素密度来看，已经达到了【万载冰髓精】的级别。也不知道山谷里是怎么出现的这些冰属性荒兽——难道还有其他秘境？
玄冰果实·觉醒	已经凝聚【冰霜核心】的玄冰果实。可用于合成【冰原之心】(可进化装备)，也可直接食用获取10兆经验。
铜板	燕岗领铸造的通用钱币
大铜板	燕岗领铸造的通用钱币，面值5C
五彩凝胶	完整，色彩鲜艳的凝胶。能卖个好价钱！
银钱	燕岗领铸造的通用钱币，面值100C
红色刀币	血洛大陆的通用钱币，面值1X=1000C
黑色刀币	血洛大陆的通用钱币。1Z=1000X=1'000'000C.
一捆黑币	包装起来的血洛大陆通用钱币。总面值10Z。
绿色刀币	血洛大陆的通用钱币。1D=1000Z。值得一提的是，它有两把剑，可以铸成两锭海绿。
紫色刀币	血洛大陆的通用钱币。1B=1000D。宝石制成的它相当珍贵，甚至有微弱增强气运的功效。
宇宙币	全宇宙通用的货币。1U=1000B。界主强者在突破时会凝聚海量宇宙晶，切成小块即为富含能量的宇宙币。
宇宙币堆	一大堆宇宙币，共计1000U(或记为1kU)
宇宙币山	堆成小山的宇宙币，共计1000000U(或记为1MU).<br>对了，按1000U=1m^3和30°堆积休止角，它们可以堆成高4.73m半径8.20m的圆锥。<br>实际上宇宙币不可能无缝堆积，所以堆起来更大……
