stat	locations.js:5188	【大青王尤斯纳】的领地。鲜血系的修炼法屡见不鲜……让人感到阴森呢。
stat	enemies.js:8705	一大片乌泱泱的巨人之海。攻击看似疼，实则一点也不轻松。
stat	enemies.js:8662	似乎是某种量产型改造战士，侧重暴力进攻。在同阶实力较强。
stat	enemies.js:8648	似乎是某种量产型改造战士，能力全面。在同阶实力中规中矩。
stat	enemies.js:8676	你……哪来的自信把喵可捕捉来的？和污染敌人池子有什么区别……
stat	enemies.js:8604	依托于精血途径变强的大眼八爪鱼。至少血肉能量驳杂无用，不会和结界湖里那样被挖走肉了……
stat	locations.js:5268	刻意保留，用于防止鲜血峰上发生争斗的山腰混乱之地正中央。大量彼此决一死战的强者汇聚于此，但都干掉就可以得到两边的财产了……
stat	enemies.js:8690	呜……这片大青王领地是地狱吗……怎么那么多恐怖的血肉生物……敏捷不足就会被顷刻间吞噬。
stat	enemies.js:8590	嘻嘻，这给吹火掌偷加攻速，多是一件美事哇。
stat	enemies.js:8747	如果破不了灵闪大概就不破防了……看似上面那个卡攻击，其实是我红白姬哒！
stat	enemies.js:8575	如果碰到有这种特殊属性的BOSS可以临时切个花海……但小怪就不用了吧！
stat	locations.js:5248	对了，毕竟实在是有很多荒兽养殖场……所以这片区域有不少强大而逃出来的荒兽也不奇怪。野人和巨人某种意义上也算荒兽——它们连血洛通用语都不会。
stat	enemies.js:8533	我们仍未知道什么红宝石盾牌的防御力如此强悍。但或许这是类似黄金-蓝玉-紫晶一类修炼体系的后续名称呢？
stat	enemies.js:8733	我的天呐，死线大人……本来还想要把红仆小恶魔搬过来的，现在估计没必要了。其实如果你攻击太低，不破防就不会中招了(?
stat	enemies.js:8618	所以，你是说你们十个云霄4合起来还是云霄4战力?明明就是趁着一只闪避的时候剩下9只放箭吧！然后一只死掉9只溜走……
stat	locations.js:5228	所谓“吸收精血过于驳杂导致被残留意识入侵”至少在云霄境还不存在。无论人类还是动物类荒兽，大脑没了就死透了。
stat	enemies.js:8719	按照攻防和标准你可以定3+巅峰/4+初期了……但血太薄了！还没机制！驳回~憨憨野熊！
stat	enemies.js:8547	改版的惑幻一般还是能发挥出应有效果的……这小身板，三回合还没过去就暴毙了，就少吃伤害了！
stat	enemies.js:8561	春天来了，又到了探险者随机刷新的季节~这种探险者最好骗了，以为有天材地宝就冲过来了。
stat	enemies.js:8633	来自【灰暗领】战场的强者们，信奉唯快不破的神话。这才算有点小队的样子……越两级外加一个加号！
stat	enemies.js:8518	没有黑化的【红邪鬼】。吹火掌没了瞬间变成路边一条了哇……迟早得学学这个技能！
stat	locations.js:5208	经过一番调查，附近并没有人类养殖场。血都是养殖高等血统的荒兽，那个长的快，而且血质量高。
stat	enemies.js:8504	较为坚韧的增幅水晶。【血峰增幅器】的重要材料…
stat	enemies.js:8490	较为脆弱的增幅水晶。【血峰限制器】的重要材料…
dyn	locations.js:245	${f_enemy.name} 吸取了 ${format_number(character.stats.full.attack_power)} 攻击 [反击]
stat	display.js:3775	战斗前，敌人将角色攻击的<span style='color:#87CEFA'>100%</span>加到自己的攻击上
