dyn	202	${this.name()} 达到了 level ${this.current_level}
dyn	205	<br><br> 因为 ${this.name()} 达到新的里程碑, ${character.name} 获取了: 
dyn	417	, x${milestone.xp_multipliers[xp_multipliers[0]]} ${name} 经验获取
dyn	419	x${milestone.xp_multipliers[xp_multipliers[0]]} ${name} 经验获取
dyn	428	, x${milestone.xp_multipliers[xp_multipliers[i]]} ${name} 经验获取
dyn	455	增加 ${Math.round(skills["Combat"].get_coefficient("multiplicative")*1000-1000)/10}% 敏捷
dyn	520	将空手暴击率 增加${Math.round(skills["Unarmed"].get_coefficient("multiplicative")*1000-1000)/10}%
stat	659	增加基础经验获取量,额外增加领域经验获取量
stat	701	增加基础经验获取量,额外增加【映星花】经验获取量
dyn	753	基础攻击,防御,敏捷 + ${format_number(R_value)}
stat	776	增加[水无心]系秘法的使用效果
stat	788	增加[映星花]系秘法的使用效果
stat	800	增加[映星天彩]系秘法的使用效果
dyn	862	将黑暗惩罚削弱到原来的 ^${Math.round(100-100*skills["Night vision"].current_level/skills["Night vision"].max_level)/100} (‘纯粹黑暗’除外)
dyn	899	将威压惩罚削弱到原来的 ^${Math.round(100-100*skills["Resistance"].current_level/skills["Resistance"].max_level)/100} 
dyn	944	将‘纯粹黑暗’惩罚削弱到原来的 ^${Math.round(100-100*skills["Presence sensing"].current_level/skills["Presence sensing"].max_level)/100}
dyn	1042	毒液伤害削弱到原来的${100-skills["Toxic resistance"].current_level*5}%,<br>再因为【坚韧皮肤】削弱到原来的${(100*(0.99**skills["Iron skin"].current_level)).toFixed(2)}%.<br>毒液防御惩罚^${(1-skills["Toxic resistance"].current_level*0.05).toFixed(2)}
stat	1068	增加所有武器技能经验获取，每1级增加10%
dyn	1118	增加持剑时暴击率 ${Math.round(skills["Swords"].get_coefficient()*1000- 1000)/10 }%
dyn	1152	增加持三叉戟时暴击率 ${Math.round(skills["Tridents"].get_coefficient()*1000- 1000)/10 }%
dyn	1170	增加持月轮时暴击率 ${Math.round(skills["Moonwheels"].get_coefficient()*1000- 1000)/10 }%，<br>持月轮时普攻倍率变为${phase_mul[phase]}倍。
dyn	1635	将攻击速度乘以 ${format_number(value)}
dyn	1704	将生命上限乘以 ${format_number(value)}
dyn	1727	将领域感悟速度乘以 ${format_number(value)} [Lv.39后将^0.25]
dyn	1747	收割半径 ${format_number(15+1.5*value)}px ,生成速度 ${format_number(0.5+0.1*value)}/s,<br>容量上限 ${format_number(Math.floor((value + 1) ** 1.5 * 10))},【噬芒兰】概率 :${format_number(value ** 0.7 / 20)}% <br>${(character.equipment.sickle?.name == "死神之镰")?"<span style='violet'><b>[死神之镰已激活 / 有效等级+4]</b></span>":""}
dyn	1766	钩爪抓取半径 ${format_number(16+0.5*value)}px ,摆动速度 ${format_number(0.2+0.02*value)}次/s,回收速度提升${format_number(10*value)}%, 发现新宝藏耗时 ${format_number(3-0.1*value)}s.<br><br>${format_number(character.stats.full.agility)}敏捷 -> ${format_number((character.stats.full.agility/1e8)**(2/3))} px/s 钩爪速度
dyn	1999	“钓鱼条” 长度： 40px ->  ${format_number(40+value)}px.
dyn	2043	基准品质 ${Math.round(2*skills["Crafting"].current_level+90)} %
dyn	2064	基准品质 ${Math.round(2*skills["Forging"].current_level+90)} %
dyn	2099	增加基础防御 ${Math.round(100*skills["Iron skin"].get_level_bonus())} %
dyn	2161	将购买价格降低到原价的 ${Math.round((Math.pow(0.98,skills["Haggling"].current_level))*10000)/100}%(不低于110%)
