dyn	897	${item_templates[this.components.head].name_prefix} ${this.weapon_type === "hammer" ? "战锤" : WTM[this.weapon_type]}
stat	2342	蕴含着纯净的生命能量，增强对空气中游离能量的吸收速率。
stat	2353	永远寻求着蓬勃生机的生命源泉。
stat	2364	使用尚存活性的凝胶，导入核心与魂魄复活的傀儡茸茸。可以预报危险，但带着难免束手束脚。
stat	2381	很少有人会发现，血洛大陆的刀币中蕴藏着不凡的力量。但是，其中的反噬之力不可小觑。
stat	2395	没有进化完全体状态的玻璃大炮。但是，大炮没有了，玻璃还在...
stat	2409	由两种属性的荒兽精华，构建能量循环的徽章。大大增加恢复的速度，也增加少许生命力。
stat	2423	由三种属性的荒兽精华，构建能量循环的徽章。距离圆满还差些许风属性能量...
stat	2439	可惜摩羽星没有圣荒城那样的传统。这些钱只能当一面大盾牌使了。
stat	2457	你甚至可以自己动手搓一只！虽然加强了，但是好菜啊这个...
stat	2472	荧光精华与沼泽兽油混合点燃的天灯。可以驱散沼泽的瘴气，让常年不见光的荒兽短暂愣神。
dyn	2483	飞船核心中记载的禁忌产物。然而，实际用途只是跑去拉仇恨...引来更多的敌人。<br><span class='realm_cloudy'><b>云霄级一阶</b></span>失效!
dyn	2497	对敌人释放额外的25%光环！<br>(掉落+25%,经验+39.7%) <br>PS:对<span class='realm_cloudy'>云霄级</span>以上目标或<b>[BOSS]</b>目标无效。
stat	2505	虽然后果是隔着两里地都能看见你，但浑身的冰刺可是攻防一体的对敌宝具！（灵活度什么的希腊奶）
stat	2522	大量虹彩杖芯拼合而成的迪斯科灯球，因为水素合金的硬度而难以击碎。可以让敌人愣神，无法组织防御！
stat	2536	幻境中的敌人都源自这些水晶，在它们附近时敌人精神最为松懈，等效于提供属性！
dyn	2553	收拢月轮水晶，凝聚力量，蓄力一击。攻击的广度收窄许多，但深度却足以穿透最坚硬的天空级金属。<br><span class='realm_cloudy'><b>云霄级四阶</b></span>失效!
stat	2568	你猜为什么纳家没有云霄级，却可以在燕岗城经商？这面自适应盾牌连云霄级一阶的攻击都能进行层层削弱！
stat	2579	可以大幅度削弱【死线】带来的易伤效果(5x->2x)，以及持续时间(60s->20s)。
dyn	2590	因为出现破损，无法进行超过10%的蓄力，必杀云霄级一阶的超级攻击也无从谈起。<br>但这也使得它的射速相当快，可以作为常规武器使用。<br>当然，还是有点容易被突然袭击的……
stat	2604	海量【血灵骨棉】制成的道具。释放后澎湃的血气能使敌人迅速迷失方向……就是对自己有点影响。
stat	2618	「この世で造花より綺麗な花は無いわ」
stat	2647	可供天空级强者修炼的功法，大幅提升技能熟练度积累的效率，同时小幅度增加对游离能量的吸收效率
stat	2658	释放身体蕴含的基因原力，融解星宙间那颗颗璀璨的星辰。提升总体经验获取率，尤其促进领域的感悟
stat	2669	神秘令人难以捉摸的进阶术式，于内敛的紫色光华之中，蕴含着令人心惊胆颤的力量。
stat	2687	利用简单的精神念力点燃火焰的领悟。
stat	2704	念力火焰灼灼燃烧，仿佛要将这片空间点燃。
stat	2725	通体红色的火焰小兽在空中游曳，周身散发的火元素波动汇集成海。
stat	2746	相互冲突的两种元素调和形成的奇异领域。冰火两重天之下，寒冷与炙热施以双重折磨，生灵勿近。
stat	2786	水火元素纵横交错而成的领域。水帘之间，一袭布裙如同仙子临凡，出云之姿风华绝代；火焰灼烧，暗藏杀机凌厉，剑锋所向，斩断天际，月落星沉！。
dyn	2856	别卖姐姐！你这个恶魔！<br>(Tips:没有姐姐的话地宫不会被削弱到1/100属性)
dyn	2877	别卖姐姐！你这个恶魔！<br>(Tips:没有姐姐的话飞船中枢·B6不会在第十回合爆炸
stat	2897	这一只的话...没有镭射枪，卖了也没事啦。但是这可是珍贵的一次性物品！怎么舍得卖的！
stat	2918	对敢于挑战复数冰柱鱼的勇士的证明。还只是初级形态，或许有朝一日可以超越姐姐？
stat	2939	结界湖之心的第一次升级。不用担心3幕的姐姐会没用...她被加强了。
stat	2959	结界湖之心的又一次升级。极寒相变引擎玩的开心吗~
stat	2979	这甚至还不是最终形态。对了，这个超长的材料清单有没有出bug啊？
stat	3022	由铁锭打造出的剑刃，是铁剑的核心部件
stat	3039	由精钢锭打造出的剑刃，远远比铁剑刃锋利
stat	3056	由紫铜锭打造出的剑刃，锋利的同时兼具灵敏
stat	3072	经过打造的宝石灌注剑刃。具有魔力，暴击率提升。
stat	3088	地宫金属制造的剑刃。因为市场饱和根本卖不出去，但是自用还是好用的。
stat	3107	暗影钢锭制造的剑刃。力大势沉，不过略显笨重。
stat	3126	充能合金锭制造的剑刃。没有任何负面属性，只有纯粹的锋利。
stat	3142	充能合金锭制造的三叉戟头。一次可以戳出三个洞，但有些难以拔出来...
stat	3162	脉冲合金锭制造的剑刃。剑刃系列后续主要增长暴击和攻速。
stat	3178	脉冲合金锭制造的三叉戟头。普攻倍率比充能戟头强一线？
stat	3198	蓝金锭制造的剑刃。攻速和爆率又强了一线
stat	3214	蓝金锭制造的三叉戟头。普攻倍率又强了一线。
stat	3234	海绿锭制造的剑刃。
stat	3250	海绿锭制造的三叉戟头。
stat	3270	红钢锭制造的剑刃。
stat	3286	红钢锭制造的三叉戟头。
stat	3305	秘银锭制造的剑刃。
stat	3321	秘银锭制造的三叉戟头。
stat	3340	旋律合金锭制造的剑刃。冷兵器的潜力已经被完全挖掘，它们的额外词条不会继续加强。
stat	3352	旋律合金锭制造的三叉戟头。冷兵器的潜力已经被完全挖掘，它们的额外词条不会继续加强。
stat	3366	万载冰髓制造的剑刃。这可是货真价实的【冷】兵器。
stat	3378	万载冰髓制造的戟头。这可是货真价实的【冷】兵器。
stat	3391	晶化合金制造的剑刃。是时候该去做月轮了不是吗？
stat	3403	晶化合金制造的戟头。部件经验和使用的材料量挂钩，我是说，做月轮不亏……
stat	3416	由白骨制成的剑柄。易碎，所以使用时会影响自身
stat	3430	由铜骨制成的剑柄。结实好用！
stat	3441	由多种材料组合的剑柄。能够提供复合提升！
stat	3455	活化柳木制造的剑柄。基因原能传导从未如此顺畅！
stat	3472	缠绕水晶制造的剑柄。透明的外观有助于分析原能流动，优化发力方式。！
stat	3490	蜡状的固态凝胶做成的剑柄，轻盈的同时导能与手感俱佳。
stat	3507	这是最后的剑柄了。看起来还不错的样子，但真不一定比得上300%凝胶..
stat	3526	基础款式的【月轮】核心。只能说勉强能用...
stat	3537	秘银锭制造的【月轮】镀层。作为三阶念力兵器材料显然不合格，但施展前两重时仍然足够坚固。
stat	3553	入门的【月轮】核心部件。比起被强行操控的凝胶，光暗枝丫算得上正统念力感应材料了。
stat	3567	旋律合金锭制造的【月轮】镀层。B6级的它是合格的二阶念力兵器，不会阻碍到速度的提高。
stat	3583	万载冰髓制造的【月轮】镀层。寒光一闪~我是说真正的【寒光】！
stat	3599	晶化合金制造的【月轮】镀层。融合之后冰元素可以更好地散发出来，增强威力。
stat	3615	水素合金制造的【月轮】镀层。虽然水素合金几近透明，但越是如此越能让轮芯显得光彩夺目。
stat	3632	初阶的【月轮】核心部件。借助它，月轮终于开始向流光溢彩的方向靠拢。
stat	3646	中阶的【月轮】核心部件。反重力场可以迷惑视线——也就是敌人甚至看不见它就被攻击了。
stat	3660	中阶的【月轮】核心部件。暴击倍率的增幅已经抵达极限……接下来会有更好的！
stat	3674	宝石母制造的【月轮】镀层。嗯……A1的宝石锭造不了轮锋。没有歧义！
stat	3690	魂晶制造的【月轮】镀层。这是最后一处18个锭的消耗了……再往后会是完整版36锭的月轮！
stat	3706	盖亚合金制造的【月轮】镀层。现在它已经变成完整版了！
stat	3722	远古合金制造的【月轮】镀层。设定上应该可以缓慢成长，但是摸了。
stat	3738	古源金制造的【月轮】镀层。话说没人想过吗？为什么魂魄永远是高级材料？
stat	3754	红钨制造的【月轮】镀层。月轮附加属性将会和274级以后的腐化一样，永远平衡的进行下去……
stat	6135	郊外常见的毒素集合体。A1级合金“紫铜”需要它作为原材料。
stat	6173	部分“内丹”修炼体系荒兽体内的核心。可以在短时间内诱导出巨大的力量。
stat	6266	部分“灵”体内的能量结晶。可以在短时间内诱导出巨大的力量。
