stat	254	普通的浅色史莱姆
dyn	258	<span class=realm_basic><b>微尘级初级</b></span>
stat	271	获得了剑盾的浅色史莱姆，但是它也被拖累了速度
stat	289	变种史莱姆，综合实力比普通史莱姆更强
dyn	293	<span class=realm_basic><b>微尘级初级 +</b></span>
stat	307	体型较小的飞蛾，飞行能力使它变得十分灵活
stat	328	最弱小的亡灵生物
dyn	332	<span class=realm_basic><b>微尘级中级</b></span>
stat	349	获得了剑盾的变种史莱姆，它已经不会被拖累了！
stat	367	幼小的法师。魔法攻击可以无视他人的防御，但他本身相当脆弱
dyn	371	<span class=realm_basic><b>微尘级中级 +</b></span>
stat	386	血洛大陆的幼年野兽，肉质鲜美多汁
stat	406	能量几乎耗竭的岩石傀儡，仅剩下微尘高级实力
dyn	410	<span class=realm_basic><b>微尘级高级</b></span>
stat	426	体型大了一圈的变异史莱姆，实力超过它的同类
stat	445	发出闪亮荧光的变种飞蛾，继承了小飞蛾的灵活性
dyn	449	<span class=realm_basic><b>微尘级高级 +</b></span>
stat	464	另一种高级变异史莱姆。全方位比黑色版本强大一些
stat	483	它的剑盾是它靠自己的实力抢来的！切莫大意！
stat	504	更大只的飞蛾，灵活性不佳，但它会2连击！
stat	525	相传每一个经过心境1的人都对它有些阴影..
dyn	529	<span class=realm_basic><b>万物级初等</b></span>
stat	544	每次打它，它最多只会掉1滴血~
stat	563	噩梦的具象化，却拥有和梦境一般多彩的掉落。！
stat	581	它已经将自身的骨头淬炼至青铜色，可见实力之不俗
stat	598	稍微年长的法师。依然可以无视防御，而且实力强大了许多
stat	615	相传普通/武装史莱姆的颜色将会随实力呈彩虹递变...
dyn	619	<span class=realm_basic><b>万物级初等 +</b></span>
stat	636	进化阶段与微尘级凶兽类似，但更大的体型赋予了它更强的力量..和更多的肉。
stat	656	偷偷跑到纳家学功法的别人家小孩——该罚！
stat	678	那颗芽是它修为的结晶！但万物级的一个铜板都卖不出去就是啦..
dyn	682	<span class=realm_basic><b>万物级高等</b></span>
stat	698	Ave Musica 奇跡を日常に(Fortuna)...不是这种人偶！
stat	717	普通的纳家随从。因为在城内大街上，出手点到为止。
dyn	721	<span class=realm_basic><b>万物级巅峰</b></span>
stat	736	上漆铁皮做成的傀儡，比它那石头兄弟强大一些。
dyn	740	<span class=realm_basic><b>万物级高等 +</b></span>
stat	755	茸茸家族的另一个成员——尽管它只比出牙茸茸强大了一丝。
stat	775	掌握着牵制力量的异兽。在能量加持下，它的肉营养十分丰富。
stat	793	轻便合金做成的傀儡，为了速度舍弃了防御
stat	812	学会了魔攻的血牛茸茸！
stat	833	纳家量产的傀儡塑像。战力不强，但胜在便宜。
stat	852	它的芽蕴含充足的魔力，足以转化出一份五彩凝胶。
dyn	856	<span class=realm_basic><b>万物级巅峰 +</b></span>
stat	872	24层魔塔的红蝙蝠转生来了，携带伤害加深！
stat	891	和它的弟弟相比，因出场太晚惨遭忘却的存在
dyn	895	<span class=realm_basic><b>潮汐级初等</b></span>
stat	912	没那么拼命的百家小卒，受轻伤就会离去。
stat	931	底层的血洛佣兵，看守着平庸的宝物
stat	951	因为种族优势，采取了先发制人战略的异兽
stat	970	构造诡异的软泥，与其战斗时候属性会反转！
stat	990	燕岗城的精壮青年，实力在同龄人中算得上靠前
stat	1009	比青年法师强大的法师，学会了全新的魔法
dyn	1013	<span class=realm_basic><b>潮汐级初等 +</b></span>
stat	1029	聚魂的基础上又凝聚了部分血肉的不死族，攻防兼备。
stat	1049	城外的大石头。敌意不重，轻伤就会离去。
dyn	1053	<span class=realm_basic><b>潮汐级高等</b></span>
stat	1067	毛茸茸家族-野生限定版
stat	1085	变异的巨型黄蜂。它的毒液可以使人衰弱。
stat	1103	破茧而出的蝴蝶。它的锋利前肢可以撕裂敌人。
stat	1120	绿毛茸茸的变异种。不规则的外形使它兼具灵活和承伤。
stat	1138	随处可见的普通修者。修为不高，财产不多。
stat	1157	在荒野中生存下来的幽灵。非常脆弱，但飘忽不定。
stat	1175	一种鸟类荒兽.肌肉发达，皮糙肉厚。
dyn	1179	<span class=realm_basic><b>潮汐级高等 +</b></span>
stat	1194	稍微罕见一些的普通修者，在潮汐级高等中算是强者。
stat	1213	一种地行性荒兽，肉比荒兽尼尔略多一些
stat	1231	一种以速度闻名的小型荒兽，什么都会叼一点
stat	1251	岩石中自发产生的傀儡，体内时常镶嵌着宝石
dyn	1255	<span class=realm_basic><b>潮汐级巅峰</b></span>
stat	1268	一种潜伏在地下的魔物，专门攻击冒险者防御不足的区域，极为难缠
stat	1287	潜力耗尽却堪堪达到潮汐级巅峰的老人，为了大地级的契机可以付出一切
stat	1306	死去冒险者的怨念凝聚成的魔物。因贫困而死的它至死渴望着金钱。
stat	1325	第一只大地级敌人。温馨提醒：大地级以上经验增长速率会翻倍！
dyn	1329	<span class=realm_terra><b>大地级一阶</b></span>
stat	1345	不要想着和它打消耗战...当然，除非你可以防杀它。
dyn	1349	<span class=realm_basic><b>潮汐级巅峰 +</b></span>
stat	1364	生灵骸骨的加强版。它身上的骨头是上好的材料！
stat	1385	蕴含着狂暴力量的茸茸，周围的荒兽都会被其影响，变得暴戾
stat	1405	地宫里唯一的潮汐级魔物。靠着灯光的方便存活了下来。
stat	1423	因为是家族旁系中的旁系，倒是不用担心打了他城主找上门
stat	1442	由纯粹的有组织能量产生的生物体。天生魔攻，但十分脆弱。
stat	1460	它巨大的眼球并没有使它的视力变好...它似乎忘了凸透镜成像的原理。
stat	1478	它的阵法虽然布置慢了点，但是效果还是很强的。
stat	1497	它的绝对黑暗逆转了攻防的规则。不过，谁说这一定是件坏事呢？
stat	1516	在地宫里读书学到牵制技巧的妖偶。顺带一提，牵制已经登上了“坑魔特效榜”第二名！
stat	1534	他看了更多的书，发现了牵制是大坑。可惜，它自己的属性不怎么样..
dyn	1538	<span class=realm_terra><b>大地级一阶 +</b></span>
stat	1555	埋伏在暗处的刺球茸茸。失去了捕捉技能——倒不如说这里所有魔物都有捕捉技能。
stat	1575	黑化强十倍，洗白弱三分。这不就看到前者的表现了吗~
stat	1596	它的孢子中含有使人衰弱的毒素。在外界它的踪迹早已消失，但黑暗的地宫中它却四处蔓延。
stat	1617	如同一阵真正的风暴！疾风？不过对它拙劣的模仿罢了！
stat	1637	血脉高贵的黄色茸茸，一旦出芽就意味着进入大地级。当然，99.8%暴毙的黄茸茸不会对此有意见的。
stat	1656	我本是此地的叹息之墙，直到纱雪发现def里面多加了个0..
dyn	1660	<span class=realm_terra><b>大地级二阶</b></span>
stat	1675	现在你逃不掉了..不过它也没那么强了！
dyn	1679	<span class=realm_terra><b>大地级三阶</b></span>
stat	1694	飓风的机制，使它并不比BOSS级的那只好对付多少...
stat	1712	浅层的精英荒兽，在核心处已经多到泛滥
stat	1730	地宫的进化鬼魂。和所有鬼系魔物一样，它的身体脆弱，攻击强悍。
stat	1748	陷入癫狂的大地级狩士。他变强了，但代价呢？
stat	1766	将冰与炎融于一身，拥有了同调的力量。至少它不会偷敏捷...
dyn	1770	<span class=realm_terra><b>大地级二阶 +</b></span>
stat	1785	当当，攻击检测点！探险者亡魂的BUG绝不会再次上演~
stat	1804	作为更高等的茸茸，它们需要到三阶才能凝聚芽。不过，它偷来的地宫金属不错！
stat	1823	终于——地宫里出现可以吃的荒兽啦！天剑在它3400的孱弱攻击下不值一提。
stat	1842	它怎么没有时封？被前面的三阶骷髅抢走了吗？
stat	1860	学什么不好，学牵制..你猜为什么它被卡在初级了呢？
stat	1878	~真·神·降·临~ 数值与机制并存，灵体追你到RPG来喽！
dyn	1882	<span class=realm_terra><b>大地级三阶 +</b></span>
stat	1897	它看起来明明那么像一只光环怪的说...居然没有嘛。
stat	1915	似乎是地宫主人留下的造物，但狂暴的气息使它已经只懂得杀戮
stat	1933	天赋秘法·三连击！不过，催动秘法似乎消耗了它的生命力..
stat	1952	只有两条腿的力量较大，因此只能进行二连击。掉落的凝胶是蜘蛛丝制成的。
stat	1970	因为寻路系统坏掉了，在地宫不断飞来飞去的巨鸟。
stat	1990	他穷得买不起恢复品。幸好有祖传秘法，可以吸取敌人的力量作为生命力。
stat	2008	超大只！超好吃！喵可都馋哭了！
stat	2027	红伞伞~白杆杆~吃完一起躺板板~不对啊，它也不是红的..
stat	2046	似乎是荧光飞蛾的超进化形态。它已经热得冒出红光了！
stat	2064	它吸收了许多荒兽和冒险者的精华..结果所有的属性都冲突了，技能全没了。
stat	2083	坚固，还血厚。看起来好像很强..但是坚固怕姐姐！
dyn	2087	<span class=realm_terra><b>大地级四阶</b></span>
stat	2102	惯用衰弱伎俩的蘑菇系荒兽。效果还不错！
stat	2121	荒兽森林的浅绿色飞蛾。与普遍的看法相反，绿色不代表有毒。
stat	2140	挣脱了牵制的束缚，强大了一倍有余的初级魔法师。
stat	2158	虽然箭的伤害有点不够看，但它的近战也太强了啦...
stat	2177	似乎比附近其他荒兽强大许多的荒兽。撞角让它可以打出两段伤害！
dyn	2181	<span class=realm_terra><b>大地级四阶 +</b></span>
stat	2196	还在蒸！地宫养殖者他还在蒸！(注:普攻倍率会对坚固敌人造成额外伤害)
stat	2213	出乎意料地，其他领的人都跑来荒兽森林历练了。真是受欢迎的地方呢。
stat	2232	从地宫钻出来之后，又有进化的地穴飞鸟。寻路系统已经被修好了！
stat	2251	血脉纯度较高的地龙幼崽。燕岗城里面那一只和它比最多算一条大蛇！
stat	2269	出芽绿茸茸的进化路线止步于大地级三阶。于是，它毅然决定长出手脚...
stat	2289	可以在战斗中恢复体力的蜘蛛。去除了回合数翻倍的限制之后，更加难缠。
stat	2310	血洛大陆的荒兽不比地球的怪兽，往往要到天空级才有完整的智慧。这只..或许是变异了？
stat	2328	芊叶-夜芊-千夜...谐音梗已经退环境了！
stat	2348	和地穴飞鸟，初级魔法师同批逃出地宫的妖偶。可悲的是，它仍然抱着牵制不放。
stat	2367	面对四阶瓶颈，选择修习魔法的茸茸。不过魔法也太弱了！
stat	2386	血杀殿的余孽真的清光了吗...这个执事怎么看起来像一只荒兽啊。
dyn	2390	<span class=realm_terra><b>大地级五阶</b></span>
stat	2406	堪称皮糙肉厚的哥布林。如果它不那么容易被打中就更好了。
stat	2425	至少它没有反伤。光是看着都感觉扎手哇。
stat	2443	一般的玩法应该是用一个镐子绕过它啦...可惜，RPG里镐子不能破坏森林的地形。
stat	2463	不死心的百方在江畔留下了大量百家的探子。不过他们无心战斗，月入3000X拼什么命啊。
stat	2481	别的先不提，你长这样，谁敢来坐你的船啊！
stat	2499	某一条世界线中，它钻进了地宫浅层，和微花灵阵狼狈为奸，让喵可苦不堪言。幸好，在这里它只是老老实实地待在江边。
stat	2518	聚灵~聚魂~缠绕~复苏。血洛大陆的能量过于充沛，连骨头都能成为强者了！
dyn	2522	<span class=realm_terra><b>大地级五阶 +</b></span>
stat	2537	四处卖艺可比在地宫除草赚钱多了！有天剑用，谁还要斩阵这种屑技能啊。
stat	2556	似乎走错了路的光环系茸茸。增幅效果只有灵蔓茸茸的一半，唯一的特点在于可以潜伏在水中，难以抓到。
stat	2574	和地龙幼崽相比多出了在空中吐火的能力。天空级之前，飞行就是绝对实力的象征！
stat	2593	为什么陆地上会有八爪鱼...爬上来之后行动笨拙，无法连击，速度也不快。还是老老实实回江里叭。
stat	2612	江边的老水手都拥有一些底牌。诸葛连弩，出来...虽然只有三发就是了啦。
stat	2631	不好！是大惑幻！快吃水心盾！...哦，不是那一只啊。区区10000领域~
stat	2651	太邪恶了，坚固敌人居然有基础防御...为此，0.1%魔攻被移除了！
dyn	2655	<span class=realm_terra><b>大地级六阶</b></span>
stat	2670	不怀好意笑着的云朵魔物。它的攻击能力令人震惊。
stat	2691	似乎是之前那些水手的头头。他在这附近还开了一家店...可以去看看~
stat	2710	看起来没有前面几只强嘛...等会？夺少衰弱？
stat	2729	在长期的欺凌弱小之下，它的实力变得远不如同级的荒兽,魔物或人类。但是，欺负欺负五阶水手还是可以的。
stat	2748	似乎逆用了自爆魔法的魔物。如果血量交换比甚至超过4:1，自爆后留下的一滴血不失为搜刮战利品的方法。
stat	2767	他偷的船可比盗匪抢的船贵多了。在长期的努力下，他练就了一身敏捷的身法！
stat	2789	纳家秘境怎么会对其他的门派开放啊...或许纳家子弟不够探索这么大的秘境？
stat	2809	连散修都来了！看来秘境开放是某种半年一遇的盛事...
stat	2828	复苏之后的下一个骸骨进化阶段。比起双持的莽夫行为，它选择了装备盾牌与盔甲。
dyn	2832	<span class=realm_terra><b>大地级六阶 +</b></span>
stat	2848	秘境内增强荒兽与魔物力量的机关。没有攻击能力，但只有力量达到一定的阈值才能击碎。(或者魔攻)
stat	2867	红眼的魔物，拥有反转的能力。血量有点脆，但高防御又弥补了这一点。
stat	2887	可恶，是竞争对手！凭什么别人都是卡着等级的上沿进来的耶...
stat	2907	似乎是毒枭蝎和地龙的杂交产物。那一晚，它们没有喝醉，但等秘境半年开一次再出去实在太难熬了。
stat	2928	强大的魔法荒兽。源源不断的生命力搭配散华领悟，使它显得分外难缠。
stat	2947	18.5w攻击，20段连击，40%光环...秘境深处注定将会困难重重。
stat	2967	吃了防御低的亏而被流放到2-2的悲惨敌人。记得回去拿飞...极品绿宝石！
dyn	2971	<span class=realm_terra><b>大地级七阶</b></span>
stat	2987	结界湖的守护者。然而，正如老祖所担心的，探险者们已经一拥而入了。
stat	3006	结界湖中自然滋生的“灵”。常年积累能量下已经抵达大地级七阶。
stat	3025	捕食“灵”变得晶莹剔透的刺猬精。一路从荒兽森林跑过来真是辛苦它了。
stat	3045	其实之前那一只是这个族群的最强者。其他都被它丢到结界湖里面流放了...
stat	3065	获取[9]之力量的妖精亲卫。不快点解决的话会有大麻烦。
stat	3085	为什么有角一族和百家护卫也喝醉了...人不能，至少不应该！
stat	3104	秘境的“灵”附身在岩石上的形态。比礁石更坚硬些许。
stat	3123	把普通武器当念力兵器耍绝活的刀客，江湖人称13斧的第14名预备成员。
stat	3142	学会了牵制真的不能怪它。在附近都是爆攻人的时候，这简直太赚了...
stat	3161	半途转换进化方向的茸茸。这条路的终点是天空级二阶，但秘境的能量已经捉襟见肘了。
stat	3180	缺乏基础属性，但可以依靠灵体造成成吨伤害的史莱姆变种(也没有那么多吨)
dyn	3184	<span class=realm_terra><b>大地级七阶 +</b></span>
stat	3200	时封它来了...皮好脆！普攻倍率真是个好东西。
stat	3220	超级大血牛。即使有牵制也无法限制它逆天的战损。
stat	3239	秘境中的法师。不仅没有学牵制还学了连击，真是到点子上了...
stat	3258	换了一件衣服就这么强了！之前的绿色衣服和黑红盾牌原来这么没用吗...
stat	3278	虽然看起来像是毒属性荒兽，却反直觉地有治愈自己的功能。
stat	3298	防御极高的荒兽。至今为止似乎还没有一只八爪鱼是8连击...或许同时强化八条肢体需要的能量太多了。
stat	3318	平平无奇的废墟探险者。这里已经卷到非大地级后期不可入内的程度了。
stat	3336	似乎是从圣荒城来的蘑菇。继承了蘑菇一贯的毒魔法的同时居然十分贪财？
stat	3355	呦，老乡啊~燕岗城人没有什么特别的弱点。不像圣荒城居民看到钱就走不动路，兰陵城居民痴迷于宝石。
stat	3374	它的骨头已经炼到[蓝玉]等级了。拿起来就能直接当缠绕水晶用！
dyn	3378	<span class=realm_terra><b>大地级八阶</b></span>
stat	3394	虽然有不错的机制，但是饿了好几天了，血量已经几乎见底。异界之门也无力发挥。
stat	3412	泪点解析：召唤物不会掉宝石和物品，只有经验。
stat	3432	哎，召唤。怎么会有这种技能的啊...
stat	3448	怎么看都是二极蝠的翻版。红+绿比红+蓝要更加鲜明呢。
stat	3467	总算有个说得过去的领域了。如果攻击仅仅略微超过它的防御，会被反伤巨额伤害...
stat	3487	兰陵城，即蓝零城。鉴于喵可RPG没有蓝钥匙，这个属性被改为根据VP波动了！
stat	3506	与普遍的看法不同，它并没有光环。肯定是灵蔓茸茸和水溶茸茸让人产生了“蓝色茸茸都是光环茸茸”的印象！
stat	3525	圣荒城，即省黄城。传说中在那里，即使如昊荒那样的云霄级强者，面对足够的财富仍然毫无反抗之力。
stat	3543	D9飞船一砸，上个纪元的东西都跑出来了。它的巅峰远不止于此，但现在已经快没电了...只有防御力还较为强悍。
stat	3561	似乎是废墟追光者的初形态。在学会【追光】之前，它还只是一只平平无奇的影子荒兽。
stat	3579	认真的嘛...连飞鸟都学会飓风了！特殊属性的数值膨胀可见一斑。
dyn	3583	<span class=realm_terra><b>大地级八阶 +</b></span>
stat	3597	它可能因VP过多无法对你造成伤害，但如果你也打不动它，这份减伤就显得有点没用了。
stat	3617	玻璃大炮型的荒兽。幸好血门不在它的后面...
stat	3641	属(na)性(li)均(dou)衡(cai)的智慧荒兽，城郊战场的杂兵。
stat	3660	似乎是13斧成员死后留下的亡魂。绝世已经退环境了...飓风和追光才是主流。
stat	3679	光元素在城外的黑暗战场相当稀少。虽然风元素领悟的效力稍逊一筹，但也只能将就了。
stat	3700	理论上带精的金属要高一个大等级...但考虑到铁本身不入流，铁精也不会超过A9级就是了。
stat	3721	从血与火中杀出的阴暗茸茸。强大却后继乏力。
stat	3743	抓到你喽~它出现的概率是其他敌人的两倍。
stat	3764	圣荒城人永不臣服！除非包吃包住！
stat	3783	与其说它凶残，不如说它靠着绝对防御的战术，抢到宝物之后就一直抓着不放了。
stat	3802	和之前的骸骨不同，它仅剩下一颗头颅。虽然靠着与蠕虫的共生恢复了行动能力，但外泄的大量气息会引起周围荒兽的狂暴。
stat	3822	燕岗城的小队长。没有特殊弱点的同时，拥有强大的阵法领悟。
dyn	3826	<span class=realm_terra><b>大地级巅峰</b></span>
stat	3841	大地级巅峰的强大荒兽。饿了几天的喵可终于有能吃的东西了——。
stat	3860	你怎么长得和2-1那只那么像啊。是亲兄弟嘛...盾兵死亡率低一些，所以境界也可以累积的高一些。
stat	3880	流银护卫...是同种类型的存在呢。战至最后一刻——自刎归天！
stat	3900	词头是血洛耶。不会那么老的原因是花了几百年跑过了几个世界...
stat	3920	或许境界更应该叫做行星级九阶?散华不满血，满血不可敌。
stat	3940	相当令人讨厌的领域。数值和废墟恐怖一个量级，唯一的好事在于殿堂级宝石升高了血限。
stat	3961	至少它失去了散华。秘境的残血·收割机已经一去不复返了.....
stat	3981	重工系列(1/4).拥有不错的输出和免伤，但生命力有限脆弱。
stat	4002	鉴于Neko RPG中的攻击是以线列步兵形式进行的...夹击一点用处都没有了！
dyn	4006	<span class=realm_terra><b>大地级巅峰 +</b></span>
stat	4023	普普通通的重甲步兵。是怎么分裂出两份盔甲的呢？
stat	4044	特长是反转和...牵制。这么点防御力，肯定会是累赘的吧...
stat	4064	诶？地宫那个是你的亲戚吗？长得一模一样哇。
stat	4084	内鬼来了。-20%区域光环改为-10%全局光环...毕竟区域太难搞了x
stat	4105	飞船内A9和B1级生物整体呈现交错杂居...不好意思走错片场了
dyn	4109	<span class=realm_sky><b>天空级一阶</b></span>
stat	4125	“普通”和“全点攻击”是什么呢？
stat	4144	416！416！416！我是超级防杀人！
stat	4165	再怎么拿盾你也没有那个天空级的家伙强的。说起来，地宫养殖者的60w在这里算什么...
stat	4184	法师/蝙蝠的双面生物。似乎蝙蝠更强一点耶。
stat	4204	重工系列(3/4).两个特殊属性配合的最好的一次，感觉连B1级生物都随便打！
stat	4224	傀儡怎么可以把伤害转化为生命力呢？简直是未解之谜。
stat	4244	激光不是受击特效，而是攻击特效了！无论普攻中不中，激光都是必中的~
stat	4262	看来百方就是不知道从哪搞来了两只快没电的这种护卫。不过，他那两只还怪有用的，可以打6连击。
stat	4282	重工系列的巅峰之作...哈？时封配饮盾？来搞笑的吗？还不如方片耶。
stat	4302	可以召唤许多舰船除草机。虽然看起来很像送经验的...
stat	4322	看起来像是某种阿拉丁神灯。不过它可不会满足你的愿望。
stat	4342	只要打得中它，就不会被万恶的阻击伤害到。不过，镭射不是激光的意思吗...
stat	4362	其实只是核心的敌人。之所以外面那一只有那么多宝石...占山为王desu。
dyn	4366	<span class=realm_sky><b>天空级一阶 +</b></span>
stat	4382	其实挺难搞的，但只要你有够多的破墙镐...我是说绿色刀币。
stat	4401	最后一看，追光得了MVP。老盯着这个伤害数字干嘛？它会把反转的努力异化掉的！
stat	4421	真正的核爆也不过如此了。说起来，13斧考不考虑招核弹？
dyn	4425	<span class=realm_sky><b>天空级二阶</b></span>
stat	4441	哈？夺少血？散华？你说你是天空一阶有人信吗？快去请魔攻牵制老祖！
dyn	4445	<span class=realm_sky><b>天空级一阶 +++</b></span>
stat	4460	总比你下面的那一只好打。迄今为止还没有任何毒素可以和【马里奥菇菇】媲美...
stat	4479	贵金属茸茸似乎是一条不错的进化路线。不过个人意见：返璞归真的【亲民茸茸】才是究极体。
stat	4498	久违(?)的坚固属性。三叉戟打的就是你这种硬石头！
stat	4518	警惕一切和【光】有关的东西。天空级一阶和arc的定数10.6变成一样的定位了...
stat	4539	它怎么没有导致飞船的机械短路呢？防护工作做的真好哇。
stat	4559	夭寿啦——夸克禁闭坏掉啦——
stat	4579	没有明说，但不吃贪婪应该是燕岗城的城主府。疾走已经退环境了...现在就连飓风都不好意思拿出来了。
stat	4601	弹头怎么还有圣阵这种分段打击啊！皮也太厚实了。
stat	4621	虽然基础属性十分强大，但好在不像那些一阶特化机器人一样有奇妙的感悟。
stat	4640	在好奇为什么天空级二阶的敌人那么少？答案是天外族群的划分太严，好多B2级的被划成B1了...
dyn	4644	<span class=realm_sky><b>天空级二阶 +</b></span>
stat	4656	在兽潮中发现家里的魂灯灭了一大片的他，正在气势汹汹地准备向荒兽发起复仇！
dyn	4660	<span class=realm_sky><b>天空级三阶</b></span>
stat	4672	某种血脉似乎相当坚韧的蝙蝠，皮糙肉厚。但是...你的天赋是不是混进了什么不干净的东西?
stat	4689	明明是燕岗领第一家族，为什么要用毒药呢？*我是不会告诉你任何东西的！*
stat	4707	以火为载体的野生“灵”。温度远不如核爆，却掌握着多种能力。
stat	4724	理论上来说天空级已经可以飞了。但它的战斗风格和体重决定了它不会长期飞行。
stat	4741	从圣荒城进口的傀儡。因为太笨，它不会和其他圣荒城单位一样见钱眼开，但代价是敌友不分。
stat	4757	加入了剿灭行动以应对兽潮威胁的修者。你问3连击?抬头看看攻速吧(笑
stat	4773	花灵液？感觉完全是谐音的存在呢。
stat	4790	这个纪元是不是有个石头之神之类的纪元神明？怎么走到哪里都有这帮坚固石头怪啊。对了，好多荒兽在它上面撞死了，所以它身上有油..
stat	4807	听起来像是11区的猫妖。完全不讲武德的偷袭玩家！
stat	4824	1-4探险者亡魂也有异界之门。它似乎是某种和死亡相关的领悟...
stat	4840	老鼠飞上天的时候，它还是老鼠吗？还是说，已经可以归类到一种肉翅鸟了呢？
dyn	4844	<span class=realm_sky><b>天空级三阶 +</b></span>
stat	4858	一想到蝙蝠从天上叼着剑劈下来的画面..就好想笑啊w
stat	4875	盯~ (若叶睦表情包.jpg)
stat	4891	天空级的骑士听起来和斗气化马差不多耶。不过，似乎这里的骑士只是一个职称~
stat	4908	教和门派有什么关系呢？不过这样的爆攻教似乎活不久的样子。
stat	4924	天下武功，唯快不破。这些刀口舔血的佣兵的行事法则就是如此。只是，他们似乎也没那么快。
stat	4941	均衡加点确实是某种意义上的版本答案。全防+魔攻虽然理论胜率更高，但无法适应变化多端的战场。
stat	4957	同样被原能辐射影响加速成长期的龙。似乎天生就懂得如何把一份力发挥出两份的效果。
stat	4980	荒兽森林敌人的进化版本。狂战士的画风和领悟真的搭配吗..
stat	4997	听起来像是XOR之花。有没有OR之花和AND之花呢？
stat	5015	可惜这里缺少塔门战甲B3来一次召唤一窝。不然也是个令人头疼的对象。
stat	5032	和之前的骸骨完全不是一个画风。99^2,2^12,7^4...学数学学疯了?。
stat	5048	其实我觉得下面那家伙更适合称为骨干。B4级对于权力来说太低了，但对于魔物来说刚刚好。
dyn	5052	<span class=realm_sky><b>天空级四阶</b></span>
stat	5065	原来茸茸这种生物也可以尸变的吗！本来以为是暴毙了就化掉的类型...
stat	5082	为什么只有人类不能做成肉排吃掉呢？
stat	5098	衣服都褪色了。在清野江漂了多少年了哇？
stat	5114	别告诉我深骑士就是衣服的颜色比较深。似乎是B9级【蓝金精】镀层..真有钱啊。
stat	5131	可曾记得在秘境深层被那个爆攻蝎龙支配的恐惧？从这里开始，小怪的生命比例要翻倍了！
stat	5149	嘿，爆攻的这不就来了~
stat	5164	至今我们仍然不知道为什么石风家族要把天空级四阶和大地级一阶编成队伍。暴发户家族缺乏底蕴可见一斑。
dyn	5168	<span class=realm_sky><b>天空级四阶 +</b></span>
stat	5180	要是在雾岛上能有这么一颗，巴巴塔恐怕永远也找不到传人了。
stat	5196	滋滋滋滋——闪光皮卡丘（划掉，降临！
stat	5213	嫉妒使茸茸面目全非。凭什么你有飞船反应堆造的剑柄！呜啊啊啊！
stat	5232	冰元素化生的骷髅，生命力相当顽强！
stat	5248	想不到还有续集~喵可对茸茸的潜力挖掘不足1%。
stat	5264	你不知道吗？散华这东西只有自己血够多才能削弱到人的。
stat	5280	冰凌剑倒是不管血多不多都能削到人。实在是强大的领悟...
stat	5297	作为死士居然不带个自爆，都是加伤害技能...而且天剑太难了所以没学会！
stat	5314	长得和结界湖的血牛一模一样耶，不过居然是个爆攻人！
dyn	5318	<span class=realm_sky><b>天空级五阶</b></span>
stat	5330	失踪的青色出芽茸茸终于找到了！虽然是靠着外力把自己弄成这个颜色的就是了。
stat	5347	这就是彩虹攻击！茸茸家族，出发~
stat	5363	看着很强，其实一点也不弱。被它来上40连击可够喝一壶的了。
stat	5381	6连击...至少比那一帮开局先打出巨额伤害的好处理，对吧？
stat	5398	在下面铲一铲制造雪球会不会有点赚头的样子？
stat	5416	这地方怎么到处都是这些战前扣血的领悟！好可怕，好可怕，好可怕……
stat	5433	如果靠着激光可以融化这里的冰雪该有多好……
stat	5450	难得有个属性正常一点的了。坚固比起那一帮开局嗷嗷冲上来冻住你的要和蔼可亲太多了叭……是的，这里是奖励关卡！
dyn	5454	<span class=realm_sky><b>天空级五阶 +</b></span>
stat	5467	呼~我要在它面前呆着回血。谁也不要拦着我。
stat	5482	是的，每个区域都有自己的冰凌剑~这就是我们的纯白冰原啊。
stat	5503	时封？血量太薄了……它真的可以撑到第二次攻击吗？
stat	5522	彩虹攻击:(2/7)!!单独出芽和单独拿着武器都没什么用，连在一起……看起来是本命灵宝！
stat	5542	和刚刚那只除了血薄了很多以外没有什么区别。之前来群殴你的六只已经是精锐了啦……
stat	5562	很遗憾，因为温度太低，冰元素四溢，这里没有湖可以钓鱼……活着的鱼都爬出来了！
stat	5581	就是它……不仅光环强还可以叠加！实在是好过分的说！
dyn	5585	<span class=realm_sky><b>天空级六阶</b></span>
stat	5600	彩虹攻击(3/7)！特殊能力如何比拟久经锻炼的……茸身？
stat	5620	不仅仅本身的温度接近0K，还含有致死量的冰元素。一个这货可以中和几十个【核爆能源】！
stat	5640	很久很久以前，【燕岗城】区域就有一只长得差不多的怪……还记得第一次commit的时候，中间忘了，总之せーの！っインターネット最高！
stat	5659	彩虹攻击(4/7)！明明只比前面那只强了一点点吧……
stat	5679	热血沸腾的组合技，1080亿(划掉)480亿的斩杀线！虽然因为RPG的机制，冰封和圣阵的组合技消失了就是了啦。
stat	5699	居然还是一个系列的。你那会用激光的兄弟距离这里有点远的……
stat	5719	说起来，极寒冰宫的敌意是不是有点太大了？好多【敌意】词头的家伙！
stat	5739	一种体温极低，可以释放冰霜吐息的龙亚种。
dyn	5743	<span class=realm_sky><b>天空级六阶 +</b></span>
stat	5758	双刀流！左剑伤害高~右剑高伤害！
stat	5778	远道之后，是足以匹敌混沌10转……不好意思串台了，这个大教明显比炒鸡蛋的大教小好多的说……
stat	5797	大地境修者只要被瞪一下就会变成石头。但是对于天空级中期以上战力，这样的技巧只会有微弱的效益。
stat	5816	叠甲，过！这个巫师明明超强却过分谨慎——虽然没用就是了啦。
stat	5835	比起双刀流选手，这位更加贴近所谓的防杀策略。2.8亿防御足以让它傲视群雄……除了那些冰封和冻伤的机制怪！
stat	5854	全体都有~板载！这次可是携带了超强的绝对零度·疾冻弹药！
stat	5874	【广告位招租】：这里急缺一个乳牵制笑话~
stat	5901	如果把先锋全部丢进这种低光速黑洞一样的地方，这个门派估计离死不远了……
stat	5919	真的不会融化吗……或许它的体内自带一个极寒引擎的循环？
stat	5937	幸好是超凡的世界，即使没有氧气，根部也不会烂掉的！
stat	5955	既不是地龙也不是飞龙，因为血脉不纯的原因，就到此为止了呢……
stat	5973	彩虹攻击(6/7).怎么突然多了这么多能力啊！
stat	5991	迷い星のうた——不过就算一起迷路也迷太远了吧。这是钓到冰柱鱼王了吗……
dyn	6009	七个字的标题耶。简直是除了百方[荒兽森林 ver.][BOSS]以外名字最长的家伙了。<br>(PS:半角算半个，所以舰船中枢B6[BOSS]也是七个字~
stat	6027	似乎是相当没有存在感的灵体。高伤成群的情况下灵体也没什么特别的不是吗？
dyn	6031	<span class=realm_sky><b>天空级七阶</b></span>
stat	6046	出芽紫茸？不要以为带了个帽子就没人认识你了啦。
stat	6065	话说，水牢应该不分昼夜吧……如果可以看到天的话，没理由关的住人哇。
stat	6084	一种上限较高但较为温和的光环茸茸。或许是水溶茸茸长大后的样子呢？
stat	6102	你也迷路了？看来冰柱鱼王肯定不止一条~不对，骷髅会钓鱼吗？
stat	6120	好多各种各样的茸茸~并不奇怪，毕竟最容易构建的就是环形回路，产生的生命也就是茸茸了。
stat	6139	如果以后有高血量坚固怪会是个问题么？现在的倍率已经是40%了……
stat	6157	声律城倒下了，迎接我们的是……仙旅城？什么时候加入酰氯城w
stat	6175	虽然城主府标配着白色制服和骷髅头套，但在水牢呆了数百年，这套制服已经被水元素浸染成蓝色的样子了。
stat	6193	在这个所有东西都是蓝的地方还能保持自己的红衣，已经是实力的证明了。
stat	6212	长老走了这么久，门派还好吗……空有境界没有实力，宛如一颗肥美的经验球。
dyn	6216	<span class=realm_sky><b>天空级七阶 +</b></span>
stat	6231	在这里可能看不出来，但是它真的和环境融为一体了。喵可可看不到巨大的伤害数字……
stat	6249	彩虹攻击(7/7).你是不是有点掉队了的说？
stat	6267	实力强劲的法师，兼具buff/回血/攻击三种形态。
stat	6286	喂喂，这个有点敷衍了……狂战士没有人权吗？
stat	6304	这种魔力有点强的样子啊。属性超级强化，而技能全数保留。
dyn	6322	喵可龙族排行榜:蛟龙<<地龙<飞龙<<古龙。
stat	6340	这个组织还挺强的……不过血杀殿秘法和水牢规则倒也是一对好搭配。
stat	6358	字面意义上的骨干。也不知道城主府的员工是不是签了群星那永身雇佣制合同之类的，都这样了还归属于城主府。
dyn	6362	<span class=realm_sky><b>天空级七阶 ++</b></span>
stat	6377	已经进入了幻境，但战斗还要继续！说起来，外面的装备居然可以带进来耶。
stat	6394	喂喂，版本更新了！这里到处都是光，要你有什么用哇。
stat	6411	和绿皮怪物一桌!这一只和那个东西一样敷衍啊。
stat	6428	胸口蝴蝶结，但看起来心事重重的样子。衣服不会是他抢来的吧……
dyn	6432	<span class=realm_sky><b>天空级八阶</b></span>
stat	6447	居然在高温下还可以下毒。只要防杀喵可就好了吧~(不过你能看到这个就说明它失败了！)
stat	6466	蓝帽行者总是被模仿，但400%血量下它也从未被超越。
stat	6484	追光……？既然可以破防火烈茸茸，你大概也接近20亿攻防了吧。
stat	6502	丢掉了本职工作——魔攻。是法师失格！绝对算的吧！这就是deep♂dark♂fantasy的代价啊。
stat	6521	骷髅守尸是准备组个mc小队吗？这样，带上苦力怕蜘蛛和末影人，组个乐队……
stat	6539	你已经救出了公主！你可以选择就此封盘，认为你已经“通关”了，又或者你还愿意继续……串台了。公主不是红色翅膀……
stat	6557	彩虹攻击(8/7)。是不是最开始搞错了啦……
stat	6575	我，纱雪，在此发誓！我绝不会和上次一样把乌打成马了！
dyn	6579	<span class=realm_sky><b>天空级八阶 +</b></span>
stat	6594	血魔海一滴血液分化而成的生命。只有普通七阶后期的战力，但生命力雄厚。
stat	6612	看起来就很狡猾。影魇族人转生来了？
stat	6631	走投无路的迷途强者，误入水牢，从厮杀中悟出领域三重……多棒的故事啊。可惜这个结界可不是那种真正的传承之地哦。
stat	6649	在这里是不是搞错了什么哇。上下都是八阶巅峰，而你只是八阶初期……
stat	6667	如果生命倍率一直这样提高，这些石头怪迟早会变成问题的?内甲的A.mul会保护大家的！
stat	6685	蜘蛛类绝对是最强的荒兽。每回合高百分比而且无上限的回血呢。
stat	6710	和那只BOSS级的有相同的弱点。可以干死四只就可以干死它！
dyn	6714	<span class=realm_sky><b>天空级巅峰</b></span>
stat	6729	我乃蓝玉职业者巅峰！何人能杀我，何人敢杀我？
dyn	6733	<span class=realm_sky><b>天空级八阶 ++</b></span>
stat	6748	从卒到将的属性加了五个数量级……【地宫虫劫】是不是达到不朽神灵级了？
stat	6767	原来熬夜不睡觉可以进入别人的心魔幻境！奇怪的知识又增加了。
stat	6785	打人非常痛！不过生命如风中残烛……台风中篝火？总之很容易灭就是了。
stat	6804	之前就是你小子把坚固队员派到光环怪旁边的？
stat	6824	最近，好多人都在抓的闪光品种，是这个吗？
stat	6843	更亮了！惑幻……说起来，明明是幻境，它居然是第一只有这种属性的敌人吗？
stat	6861	这种生物是怎么拟态成姐姐的样子的……衣服可以模拟，那皮肤呢？
stat	6880	相传，在一个魔女之力满地飞的时间线，许多残雪灵阵被释放进了地宫。好在这里没有那种事情。
stat	6898	名字前面加一个晓的确听起来厉害多了！越打血越多的可恶蝙蝠……
stat	6916	幸好结界湖的蓝帽行者没有戴着更大的帽子出现在这里。否则它大概能有几兆血。
dyn	6920	<span class=realm_sky><b>天空级巅峰 +</b></span>
stat	6934	幻境也复刻了对应城市居民的弱点！无伤它的方法已经昭然若揭了。
stat	6955	这只也差不多！虽然冰宫幻境本身在燕岗领深处，但幻境中的灵却是恐惧显化而成。
stat	6974	就连头骨都已然发黑。光环……甚至还增强了一些？
stat	6992	【废墟追风者】的概念扰动延续到幻境了！毕竟追光作为小怪技能也太超模了啦……
stat	7010	呵，长大了。饮盾倍率也高了十倍。不过——普攻倍率翻了可不止十倍啊！
stat	7028	有没有一种可能……我是说可能……它有一堆战前给自己上buff的属性，只是我们不知道？
stat	7046	或许我永远不会忘记被鲜血之锋B1支配的恐惧的。另外，生命限制……牵制出3.0版了？！
stat	7066	简单的技能，极……和我的月轮说去吧！
stat	7084	道理我都懂，为什么你不是32*32的？异界之门原来是传送门啊！
stat	7102	恐怖爆攻……你的迅捷哪去了！不会以为这么脆也打得到人吧？
dyn	7106	<span class=realm_sky><b>天空级巅峰 ++</b></span>
stat	7119	骨干从骨头变成了帅气的机甲啊！难怪燕岗城主府一直以来都不算太强的样子
stat	7136	加强自己和削弱敌人的手段简直出神入化。什么时候纳可也可以学会这些呢？
stat	7154	版本更新了……现在纯度不高的堆数值没用了啦。和我的普攻倍率说去吧！
dyn	7171	一般来说，超出常规巅峰2倍的基础数值即可被称为【超量/破限】，领取【喽啰/人阶】等阶位……<br>但为了直观起见，喵可RPG全部使用加号！
stat	7188	非常遗憾，暗杀什么的在这里不生效——你在战斗框里就是索敌对象！
dyn	7205	【古龙】可是这里最强的龙族！每一条都有成年<span class='realm_cloudy'>云霄级巅峰</span>的血脉。不过它大概长不大就是了。
stat	7222	还记得无限秘境的【巨人先锋】吗……如果秘境不封顶，891,880层的它将会拥有这一只的攻击强度。
stat	7239	又一个流浪进来的！真想学天剑呐……普攻倍率是不缺，但攻击乘区可是缺的很。
stat	7256	拥有着极为深厚的积累，如果想要突破的话它随时都可以突破。不过，毕竟成为【心之灵】的一员的未来还是太黑暗了……
dyn	7260	<span class=realm_sky><b>天空级巅峰 +++</b></span>
stat	7275	最弱的云霄1也是云霄1！很抱歉之前boss战的能力被收回了啦……要不要我给伊芙加点属性？
dyn	7279	<span class=realm_cloudy><b>云霄级一阶</b></span>
stat	7292	牵制药水·高光时刻！再问删了？这下删不了了！
stat	7309	死后召唤出本地图的随机敌人。强迫你多砍一刀……
stat	7326	蝠学风老师~我还记得你~一拳一拳~把我打进迷雾里~
stat	7344	能匹敌云霄级一阶的傀儡想必相当值钱吧。这些也是城门战奖品的一部分！
stat	7362	怎么变异荒兽都是些蝙蝠。是因为生物量基数大并且基础面板还不错的？
stat	7380	10只天空8逆伐云霄1.这就是我们尊贵的法术系啊！对了，攻速没填错。
dyn	7384	<span class=realm_sky><b>天空级八阶 [x10]</b></span>
stat	7397	通过连续砍击造成更深的伤口的小队。多次有效攻击压缩成一次，有了云霄级破防实力。对了，这个攻速也没填错。
dyn	7401	<span class=realm_sky><b>天空级八阶 ++ [x10]</b></span>
stat	7414	温馨提示：切巨星对破它的防御没有任何用处。
dyn	7418	<span class=realm_cloudy><b>云霄级一阶 +</b></span>
stat	7431	实际上居于燕岗城各个哨所，念力覆盖数个城门进行详细检查。但是如果真的要打的话这位拦得住吗……
stat	7449	发出绿光了！根据维恩位移定律，它的色温大概是5400K。至于为什么太阳不是绿的……可能是视锥细胞敏感度的问题吧。
stat	7466	请道友入我人皇幡中一叙~喵可什么时候可以考虑锻造个人皇幡诶。
stat	7483	血洛强族哥布林……我们急需圣骑士来净化它们。
stat	7501	知识就是力量！我悟了！——他喊着这样的话，就冲上来了呢。
stat	7518	临时扣血不好做，所以改成了五倍易伤。老师血条有点发紫是不是心脏不太好？
stat	7536	我们至今仍然没有知道为什么阻击技能也可以被小队增幅。
dyn	7540	<span class=realm_sky><b>天空级巅峰 ++[x10]</b></span>
stat	7554	全身覆盖鳞甲的均衡性选手。如果压制都无法带来优势，那肯定是本来就打不过了！
stat	7571	如果骷髅全身都是水晶而不是骨头做的，那它还能被称为骷髅吗？
stat	7588	魔塔刻板印象1：任何长得像蛇或者触手的东西必定是挂debuff用的。这是假的。
stat	7605	魔塔刻板印象2：带翅膀的家伙总是可以给自己回血。这倒是真的。
dyn	7609	<span class=realm_cloudy><b>云霄级二阶</b></span>
stat	7624	守序邪恶：还记得376F的六边形红宝石吗？让你不看地图就吃六边形黄宝石……
stat	7644	上一个叫绿原的是不是1-3那个老登？难道他真是隐藏的高手……
dyn	7648	<span class=realm_cloudy><b>云霄级二阶 +</b></span>
stat	7662	比起迅捷的攻击更擅长吸引火力的小队。当然在这里只能算路边一条了。
dyn	7666	<span class=realm_sky><b>天空级巅峰 [x10]</b></span>
stat	7680	按理来说50%光环应该是血量光环之类的。但是忘记做这个了！摸了！
stat	7697	这下想起伊芙的好了吗？当然，做一套装备肯定是更值得的。
stat	7715	用压倒性的攻击速度迫使敌人屈服的小队。你真的觉得混战还能占到便宜？
stat	7732	爆攻，轻而易举啊……坏了!坏了坏了!!
stat	7750	偏重防御阵法的小队……bro觉得360e防御在4-2老强了。
stat	7767	反正时日无多，为何不为了家族最后再拼一把？但你的防御也太低了吧。
stat	7785	你确定你是精英？卫兵测试强度的方法不会是站着挨打吧。
stat	7802	【求援】实在太难做了。RPG的【败移】反而更加适应这样的特性……那就直接用！对了，掉落是它招来的杂兵掉的。
stat	7821	清野江窃贼之所以改名了，不是因为混不下去了，而是因为太强了可以满燕岗领抢劫了。
stat	7840	谁给他报的名？看来是趁着警戒哨被干掉，从城门战跑过来的。
stat	7858	和之前那些会被钱贿赂的家伙不同，它看到你钱越多，就越想杀人夺宝……
stat	7876	被当做驯兽培育之后已经毫不逊色于一般飞龙的地龙。就是领悟这东西灌不出来，所以还在这样的等级。
stat	7894	虽然看起来狰狞可怖，但那些只是虫类驯兽而已。除却立场不同，它并不能算是坏人。
stat	7912	巨斧武者不应该起码是同境的九阶吗？好吧，看来他只是有一把大斧头。
stat	7929	之前几个小队的连击数都超高的。双剑大概是十个人用2把剑~
dyn	7933	<span class=realm_cloudy><b>云霄级一阶 [x10]</b></span>
stat	7946	散华也是时候该加强了。喵可血量都叠成啥样了啊！
stat	7963	时封被各种倍率怎么也变成路边一条了！平衡啊——
stat	7981	双剑小队的攻速想必就是您抢走的了。比火烧云还多一段！
stat	8000	人到齐了吗？齐了我就开溜了(^^)
stat	8017	同样是900亿防御，有的人1764亿攻满脑子都是逃跑，有的人1450亿攻却勇往直前……
stat	8035	其实图片里的敌人数量暗示的是敌人实际数量的位数(逃).经验看起来很多，但云霄级瓶颈会帮你吃了，然后压级再吃80%~
dyn	8039	<span class=realm_sky><b>天空级巅峰 [x100]</b></span>
stat	8052	这下知道为什么要把神话宝石的生命倍率提高了吧！至于头几十颗都加的血……不要在意这些细节。
dyn	8056	<span class=realm_cloudy><b>云霄级三阶</b></span>
stat	8069	听起来[巡逻]的级别不如[警戒]，但我说监考老师和巡考老师，大家就可以听懂了。
stat	8086	(纱雪翻阅399层的样子)(大失所望)。这样天赋异禀的家伙不在boss战太可惜了……
stat	8103	坏了……我都计划好把求援换成败移了。也没人告诉过我这两个可以共存啊！那给你补个2连击吧。
stat	8120	攻击这么高和魔攻居然是兼得的……这就是大队的实力吗？
dyn	8124	<span class=realm_sky><b>天空级巅峰 + [x100]</b></span>
stat	8138	什么你要和我抢资源?捅死你喵(DMG 50x)捅死你喵(DMG 50x)捅死你喵(DMG 50x)。
stat	8155	160倍血/防比起当年的60倍的蓝帽小怪都强了！虽然也有一部分原因是小怪的血量倍率一直在加啦……
stat	8173	报——我们队里面100个人有40个都在释放硬化魔法！攻击比隔壁不硬化的差了好多啊！！
stat	8190	凌弱？百方真的转世了？！虽然云霄级毕竟寿命10纪元，理论上3纪元以下都是青年……但1纪元还没到五阶基本这辈子无缘领域级了。
stat	8207	这都多少区了哇。终于有人意识到法师可以给战士回血了……1.5阶战斗力呢！这可是！
dyn	8211	<span class=realm_cloudy><b>云霄级二阶 [x10]</b></span>
stat	8225	只会求援的它是怎么混上将军的……还是说，它其实是斥候型角色？
stat	8242	偷袭……让你把我的同族做成结界湖血肉！这下知道错了吧？
stat	8260	不就是牵制？看我随手拿捏……不对！这是什么啊啊啊！！
stat	8277	看看青茸茸将军都招到了些什么兵。真是一对……算了，直接吃吧。
stat	8295	【驯兽养殖者】，你的眼睛究竟看到了多远？还是说这货背叛了你罢了。
dyn	8299	<span class=realm_cloudy><b>云霄级三阶 +</b></span>
stat	8313	飞起来~打断你愉快的攻击体验！
stat	8331	没有突破真是屈才了。这种强者就算突破了应该也有一个加号才对诶。
dyn	8335	<span class=realm_cloudy><b>云霄级三阶 ++</b></span>
stat	8349	按理来说该有只叫红邪鬼的小BOSS的。打过4-4-2就解锁……
stat	8367	血牛越来越多了！不过这个特殊属性……实在不行咱学个固定1.5倍普攻倍率的【撕裂】咋样？
stat	8384	魔塔玩家辛辛苦苦救出来的公主就这样来到战场上了。真是可悲可叹的结局。
stat	8402	如果实在觉得这东西太离谱，就回去吃点牵制书吧……指定会有用的。
stat	8419	无情的防御力检测bot。一般区域里面这种家伙可以给到夯，滚去-4了，但这里是机制怪横飞的4-4，所以4-4-3去吧~
stat	8437	成也散华，败也散华。原版散华在4幕已经没法玩了啦……
stat	8454	给你8100亿的攻防和，希望你能撑过这个冬天。
stat	8472	这里……真的是……我等应当涉足之地吗……
stat	8524	用出全部力量的纳家待从。在家里出手就是无所顾忌！
stat	8543	为了抢夺秘法而用出全力的百家小卒。
stat	8561	城门边上的大石头。对人类有着天然的仇恨，不死不休
stat	8580	城外的大叔。看不起纳可，但实力却不比纳可强多少。
stat	8597	守在地宫门口，伺机而动的佣兵。已经截胡许多修者，底蕴丰厚。
stat	8614	听说，有喵在叠铁质皮肤...
stat	8633	相当灵活的树妖，想接近它必须做好被20条蓄力柳条先各抽一下的准备！
stat	8649	属性均衡的精英荒兽，地宫核心的守门人。
stat	8668	这只屑BOSS的皮怎么那么脆啊！好像一下子就可以打死的样子。
stat	8684	~满·血·版·真·神·降·临~ 强大，无需多言！
stat	8699	第一幕的最终BOSS。本来2-5也不一定打得过，幸好有镭射枪...
stat	8713	百方携带的护卫。为什么少爷会带比自己还弱的护卫呢...
stat	8727	和飞船里的百方比起来只低了两阶，属性却少了20余倍。大地级后期的跨度也太大了叭。
stat	8741	呐，这就叫做误闯天家...2-4的武士怎么跑来这里了！
stat	8755	拦着前往清野瀑布的路的坚硬石头。温馨提醒：普攻倍率在坚固之后判定！
stat	8769	不愧是大门派，连杂役都这么强...之前的小势力探险者都快穷死了！
stat	8783	本来就够强了，还有光环用耶...幸好可以挖光环！
stat	8798	等会？夺少血？？
stat	8813	前面有承伤的，嘻嘻嘻嘻嘻
stat	8828	可以造成一定的伤害也有承伤能力。在4重攻击下似乎相当重要呢。
stat	8845	正面打大概是要被追光给暴揍的。但是，追光只有3段伤害~
stat	8860	散华真是麻烦的领悟呢...蛾眉月之祝福，魔攻药剂，你喜欢哪一种~
stat	8875	这只是正牌的了！不过少爷和纳可比起来进步的有点慢呢——
stat	8890	好大一只！好难打！不过，速度有点慢耶。
stat	8905	哈~自爆！我看谁敢嫌弃加血宝石~
stat	8920	守护着堪称【巨量】的宝物的它，作为重要的剧情节点——被加强了！
stat	8957	B6飞船的主战中枢。移速迅捷，战力强悍。不过，镭射枪也到了发挥作用的时候了。
stat	8973	擅长幻术的荒兽。本身实力不算强悍，但可以神不知鬼不觉地让人迷失方向。对了，10x固定凭证是天空级中期的击杀奖励，而4x受影响凭证是两只精英佣兵掉的。
stat	8994	皮糙肉厚的荒兽。那边那个冒失的家伙在干什么啊！
stat	9010	好潦草的名字...简直是荒兽里的路人甲。
dyn	9014	<span class=realm_sky><b>天空级四阶 ++</b></span>
stat	9027	虽然有时封和200%血量，但是0防在普攻倍率面前~不堪一击！。
stat	9044	其实本来也不算特别强……但是它们六只来群殴你耶。
stat	9059	躲在一大群猎兵后面来偷袭你！好屑啊……
stat	9075	相当耐揍，但是也只剩下耐揍了。
stat	9091	在同阶里称得上实力强悍，但想要逆伐喵可是不是搞错了什么？
dyn	9095	<span class=realm_sky><b>天空级五阶 +++</b></span>
stat	9107	水牢里的好人。真是让人感动啊……
dyn	9111	<span class=realm_sky><b>天空级六阶 ++</b></span>
stat	9123	强榜强者【落叶刀】。暂列第三——当你看到这个提示就不是了。
dyn	9127	<span class=realm_sky><b>天空级六阶 +++</b></span>
stat	9137	强榜的发布者，拥有着碾压般的实力。虽然这里三重领域只用了一重……
stat	9152	强榜的发布者，拥有着碾压般的实力。领域齐出的她强的可怕，甚至超越了3+之境……
dyn	9156	<span class=realm_sky><b>天空级六阶 [IV]</b></span>
stat	9167	为什么怪物手册会成精啊！另外，不觉得压制比牵制还要容易成为负累吗……
stat	9186	被高维存在注入力量的木偶。测试完压制·伪它就该下班了！
dyn	9190	<span class=realm_basic><b>天空级巅峰 +</b></span>
stat	9202	我保留了一些同调，这样你才知道你打的是心魔。不过，它还是会被牵制领悟度欺负就是了！
stat	9217	颜色和姐姐的衣服真的很像……现在不是想这种事情的时候！
stat	9232	单纯的数值怪。我猜可以打到这里应该不是很怕它了。
dyn	9246	末世秘境天才的一缕残魂。在漫长的时光中流失了99.9999%的力量，只剩下<span class=realm_sky><b>天空级巅峰 ++</b></span>的能级……
dyn	9250	<span class=realm_cloudy><del><b>云霄级巅峰 [XII]</b><del>云霄级一阶 --</span>
stat	9261	幸好不是大宝石版的特咕兽。又一只数值怪——平平常常，对吧？
stat	9275	常规的云霄级一阶对应天空级巅峰 +++。很明显，这只心魔绝不是正常突破的……因此境界不稳，甚至在跌落的边缘。
dyn	9279	<span class=realm_cloudy><b>云霄级一阶 -</b></span>
stat	9289	被左阿作为【容器】备选的云霄级强者。
stat	9333	仅剩的一缕残魂也被封印的余下0.01%的力量。千算万算也没有算到这一步……对了。只有云霄级五阶的经验了。它现在太菜了。
dyn	9337	<span class=realm_domain><b>领域级一阶 [-18]</b></span>
stat	9347	怎么看到这一句的？你丫作弊了吧。
dyn	9351	<span class=realm_domain><b>领域级一阶 [-2]</b></span>
stat	9361	柿子之蒸向来如此……老东西，你的时代结束了！
stat	9375	攻击攻速对于天空级也太高了，还带必中伤害。肯定是身上有好东西，此子断不可留……
stat	9390	试图通过堵门不让任何人进来的可恨家伙！它甚至躲在天空级小队身后……
stat	9403	比起迅捷的攻击更擅长吸引火力的小队。生存属性强的离谱……
stat	9416	用压倒性的攻击速度迫使敌人屈服的小队。不过大量攻击被压缩成一次穿透性更强的攻击，使面板攻速没有那么快。
stat	9429	偏重防御阵法的小队。防御力比薛奇甚至略强一线，但皮还是很脆的。
stat	9442	一呼百应，导致每一回合的伤害都会越来越夸张。对了，纳可比较能惹事，一次惹到了3只~
stat	9455	曾经在血魔海被纳家先祖纳鹰燃烧生命方才脱困。他从未忘却如此大恩，切磋之后即会说出中等进化结晶的制作法！
dyn	9459	<span class=realm_cloudy><b>云霄级四阶</b></span>
stat	9468	本是普通死狗，被古墓气息侵染着成为了亡灵。一身能力如同生前，移动极为敏捷，但毕竟是亡灵，生命力稍逊一筹。
dyn	9472	<span class=realm_cloudy><b>云霄级四阶 -</b></span>
stat	9482	被红邪鬼抓过来凑数的可怜茸茸。灌注了少许生命精华，因此作战可以持久一些——或者说，抗更多伤害。
stat	9496	堕落的【翩然蝶仙】。因为为飞飞茸茸灌注了生命精华进入了虚弱期——不过它认为这无关紧要。
stat	9510	好险，这区要没boss了。只好从下区拎一只小怪……你被强化了！快上！
