dyn	217	${f_enemy.name} 吸取了 ${format_number(character.stats.full.attack_power * 0.1)} 攻击，${format_number(character.stats.full.defense * 0.1)}防御 ，${format_number(character.stats.full.agility * 0.1)} 敏捷 [同调]
dyn	222	${f_enemy.name} 吸取了 ${format_number(character.stats.full.attack_power * 2.0)} 攻击 [同调·魔]
dyn	225	${f_enemy.name} 吸取了 ${format_number(character.stats.full.attack_power * 0.5)} 生命 [饮剑]
dyn	229	${f_enemy.name} 吸取了 ${format_number(character.stats.full.defense * 0.5)} 生命 [饮盾]
dyn	233	${f_enemy.name} 吸取了 ${format_number(character.stats.full.attack_power * 2.5)} 生命 [饮剑]
dyn	237	${f_enemy.name} 吸取了 ${format_number(character.stats.full.defense * 2.5)} 生命 [饮盾]
dyn	241	${f_enemy.name} 吸取了 ${format_number(character.stats.full.agility * newEnemy.spec_value[30])} 攻击 [净化]
dyn	248	${f_enemy.name} 的攻击/血量 变为 ${format_number(M58*100)}% ! [暴走]
stat	256	[地宫养殖者]嚯，有人闯到这里来了？
stat	257	[纳娜米]我不会和你废话。说，你为什么要害我纳家！
stat	258	[纱雪]此处省略22句关于血杀殿，地宫养殖者的广为人知的剧情。
stat	259	[纳娜米]既然如此，时间也差不多了……可可！
stat	260	少女手上突然出现了一把奇异的武器。武器一米见长，前端有着深黑色的空洞。通体的质感，带来的威慑力令人窒息。
stat	261	几乎零点一秒之内，纳娜米手中的武器，绽放出耀眼的银白色光芒。只听轰隆一声巨响，整座地宫都似乎为之震颤！
stat	262	遭到反震力冲击的纳娜米吐出鲜血。反应过来的纳可，第一时间抱住了姐姐，一同抵挡着这武器带来的惊人的后坐力。
stat	263	[纳可]没事吧，姐姐——
stat	264	[纳娜米]咳……还没有结束，可可。接下来，就交给你了！
stat	265	正面被武器击中的地宫养殖者，几乎瞬间失去了半边身体，发出了怨毒的咆哮声。
stat	266	[地宫养殖者]啊，什么东西，不可能！！该死，中计了，我要杀了你，杀了你们，杀光你们燕岗领的人——
stat	267	[纳娜米]可可，不要大意！这是天空级强者的回光返照，只要撑过这一会就足够了！
stat	268	[纳可]明白！
stat	274	地宫养殖者已经奄奄一息！攻防敏血削弱为之前的百分之一！
stat	280	[纱雪]高能反应！检测到纳娜米未在队伍中！
stat	281	地宫养殖者现在活力满满！攻防敏血都保持着之前的状态！
dyn	359	由于持有 ${key_cnt} 个微花残片，光环削弱：140% -> ${140-key_cnt*8}%！
dyn	369	由于持有 ${key_cnt} 个微花残片，光环削弱：132% -> ${132-key_cnt*8}%！
stat	381	{\"id\":\"峰\"}
stat	383	[峰]终于到地方了，不枉我盯了她一路。
stat	384	[峰]那么，我也差不多该走了……
stat	388	光环法杖大放光彩，随即暗淡下来……
stat	389	它的材料不足以增幅如此强大的敌人！
stat	392	[光环法杖]BOSS级敌人无法被增幅!
dyn	396	[光环法杖]光环:${format_number(100*(this.enemy_stat_halo + halo_fix - 0.25))}% -> ${format_number(100*(this.enemy_stat_halo + halo_fix))}%
stat	404	随着一声气球漏气一样的声音，
stat	405	荒兽傀儡被纳可的云霄级威压压扁了。
stat	406	用沼泽材料搓的东西能撑到现在已经不错了啦……
stat	426	召唤了 3x 舰船除草机B1
dyn	435	[败移] ${E_name} 被 ${enemy.name} 护在身前！
stat	707	一个永远和清朗夜晚一般昏暗的地方
stat	712	一个十分黑暗的地方，比大多暗夜更暗
stat	723	纯粹的黑暗，连一丝闪光都没有
stat	739	四周弥漫着稀薄的威压，对攻击的效力和速度产生些许影响
stat	749	四周弥漫着浓厚的威压，对攻击的效力和速度产生较大影响
stat	858	密林的毒虫叮咬使你疲于应对……
stat	936	一处明亮整洁的大厅，纳可平时活动的地方。
stat	943	练兵场深处的一间小木屋
stat	948	前面的路似乎无人值守...会不会这里就是前往外界的通道呢？
stat	958	温馨的小房间，里面摆着一张粉色小床和一张练习用的工作台。
stat	1007	纳家给小辈练武的场所。有幼小的魔物用于对战
stat	1027	要救姐姐，必须先提升自己的实力！先去练兵场与魔物对战吧。
stat	1031	练兵场的稍深处。有幼小的魔物用于对战
stat	1050	还不够...不要为了击败最弱的魔物沾沾自喜啊，路还很长！
stat	1054	练兵场的深处。有成长期魔物用于对战
stat	1076	练兵场中的黑暗小道。成长期魔物的实力上了一个台阶
stat	1098	练兵场中黑暗的通道，亮度已经影响到了战斗
stat	1117	好黑..好可怕..或许应该打造一些盔甲，防护自己了。
stat	1120	黑暗的通道，尽头处似乎传来点点光亮？
stat	1139	小孩都能混进来了，说明这里肯定是正确的道路哇！好耶！
stat	1142	尽管不再黑暗，却遍布魔物的侧门附近
stat	1161	附近有许多可疑的门！不过想要检查它们的话，必须先击败眼前成群结对的敌人..
stat	1165	一扇厚重的门前。看起来想出去必须把待从打晕过去...
dyn	1179	请留步，小姐。<br>这里禁止大地级之下的子弟随意出入。
stat	1200	熙熙攘攘的燕岗城外城。尽管是崇尚力量的世界，市民间仍然有讲不完的话题。
stat	1206	无论见到多少次，城市的繁华仍然令人侧目。但现在，尽快出城才是最重要的！
stat	1212	燕岗城14环的普通街道。
stat	1234	燕岗城15环的普通街道。
stat	1256	燕岗城主“石风雄”刻录的石碑，记载了基础的血洛秘法。
stat	1270	哪来的小丫头？想参悟这里的秘法，先过了我们这关！
stat	1274	燕岗城16环的普通街道。
stat	1297	燕岗城17环的普通街道。
stat	1316	从这里已经可以隐隐约约看见城门了..燕岗城共有18环，再往外就是城郊。
stat	1320	燕岗城最外环的环城街道。
stat	1343	燕岗城的城门，只要击败拦路的石精即可出门！
dyn	1356	终于到城门脚下了...<br>这成精的花岗岩是什么啊！只能先击败它了。
stat	1371	燕岗城外的区域。鸟语花香，绿树成荫，却潜藏着大量潮汐级魔物。
stat	1376	终于出城了！现在，找个人问问一些情报吧。
stat	1384	城门外不远处。看起来是时候给看不起人的大叔一点教训了！
stat	1397	我说大叔，这么大年纪了欺负一个女孩子，不太好吧。看来需要一点教训呢。
stat	1400	沿着藏宝图向前，必经之路上的魔物区域
stat	1421	沿着藏宝图向前，埋伏着不怀好意修士的区域
stat	1443	沿着藏宝图向前，存在大量荒兽的区域
stat	1463	存在光环荒兽的区域，荒兽的整体实力被影响着上了一个台阶
stat	1484	更接近光环来源的区域，吸引来了大地级强者
stat	1506	地宫浮现在地平线上，触手可及。不过，附近的怪物已经愈加狂暴了。
stat	1525	眼前的建筑物，应该就是藏宝地了吧。前面有人，这身装束是燕岗领的佣兵？
stat	1531	地宫的门口，狂暴气息的来源。部分着魔的佣兵滞留在此处。
stat	1544	不对劲，这些人看向我的时候，眼神怎么这么疯狂？难道是中了邪术吗？
stat	1560	敞亮的小河，可以用于练习游泳技术！
stat	1568	围绕着矿井的修者聚集地，内有比练习用工作台略好的工作台，简单的休息室，地下还有部分残余的A1级金属！
stat	1574	闭好门窗，睡一会
stat	1579	使用共享工作台[Tier+2]
stat	1597	地宫的入口处。宝石的气息浓郁，但有大地级三阶的敌人把守。
stat	1604	好可怕的气息，刚进门就是这么可怕的怪物！
stat	1607	你确定要和它战斗吗..挨打变强现在可是削弱了哦！
stat	1623	地宫的浅层。盘踞着大量荒兽，也潜藏着许多宝藏。
stat	1635	遍地都是大地级强者的空旷“藏宝地”。
stat	1655	充满荒兽与狂暴的人类的地宫区域，其中的人类似乎已经变成了杀戮机器。
stat	1674	回去呼叫家族的人吗？恐怕要耽误太多的时间，姐姐也会有危险。不，现在不是想这些的时候。
stat	1677	危机四伏的地宫区域。对了，地宫金属正在打折出售！
stat	1695	有强者说过……机缘永远是自己争取到的。想要静坐着，等着它砸到头上并不现实。
stat	1698	荒兽组成的海洋，在石壁上可以发现找到修炼用的功法。
stat	1717	石壁上镌刻着一些字样。看起来好像是一种修炼的功法。
stat	1721	地宫的15层，荒兽海的终点。继续往下的路被深邃之影堵住了。
stat	1734	大地级二阶，而且很明显，不是刚突破的那一种。是这些荒兽的头目吗？
stat	1738	地宫13层刻录着修炼功法的石壁。不过，只有清理荒兽才有时间参悟它们。
stat	1763	荒兽海之后的区域。纳娜米被困在此处。
stat	1769	好阴森的气息。这里不像是一个强者留下的遗迹，因为强者在创造遗迹时，一般都会留下引导。
stat	1772	杂乱不堪的廊道，刺鼻的腥味。环境比地宫浅层更恶劣一层。
stat	1792	地宫的更深处，远处似乎有青紫二色的光幕浮现。
stat	1812	靠近青紫二色光幕的区域，前方存在一些悬空平台。
stat	1832	悬空平台之后的深处区域。这里的荒兽已经普遍达到大地级三阶。
stat	1852	荒兽已经拥挤到成双成对的深处区域。暴戾气息的源头已经不远了...
stat	1872	就是它！三阶荒兽海的彼岸，一切的罪魁祸首...
stat	1893	熊熊岩火的背后藏着一颗极品黄宝石。它虽然极其凶猛，但生命力如风中残烛，一触即灭。
stat	1904	[纳可]一定要拿到它。诶嘿，肯定很值钱的，不知道能卖到多少钱呢……[纳娜米]明明一个红色刀币都卖不到吧！
stat	1907	绿紫二色光幕近在眼前。直觉告诉纳可，这样的地方后面一定藏着好东西。
stat	1923	青紫光幕背后的安全区域。光幕本身有“炼化”能力，也可以用作工作台来使用。
stat	1934	使用光幕加工物品[Tier+4]
stat	1948	地宫的最深处。【地宫养殖者】就在这间地下35层石室的正中央。
stat	1962	[纳娜米] 还有可怕强者的气息。可可，待会我们可能需要面对无法战胜的对手。在我拿出底牌之前，一定不要轻举妄动。
stat	1981	从地宫离开之后，纳可下一个历练地点的安全区。
stat	1995	荒兽森林的内部。茂密的树木挡住了大部分阳光，黑暗中潜伏着许多荒兽。
stat	2006	荒兽横行的森林区域，也有许多前来历练的大地级修者。
stat	2026	荒兽横行的森林区域，出现了一些从宝物尽失的地宫迁徙来的荒兽。
stat	2047	荒兽横行的森林区域，出现了一些拥有强大恢复能力的荒兽。
stat	2065	解锁了 荒兽森林 - 3.除此之外，营地的柳树砍伐也已解锁。
stat	2068	荒兽横行的森林区域，出现了一些抵达大地级五阶的荒兽和人类。
stat	2088	与百家近卫的战斗。击败他们后即可逃遁。
stat	2101	[纳可]你说得对，但是你哥哥连大地级都没到，你是怎么修炼到大地级七阶的呀？
stat	2104	与百方的战斗。可以稍后再回来击败他！。
stat	2116	[百方]跑了？这下不好办了。再想下手，可没有那么好的机会了啊。
stat	2129	顺着这条江往回走就可以回到家族..快点和父亲大人汇报此事！
stat	2139	沿着清野江，回家的路。百方仍然在此区域有所布置。
stat	2159	沿着清野江，回家的路。荒兽成群——为了避开百方，这种程度的危险区域是必要的。
stat	2180	沿着清野江，回家的路。不仅荒兽成群，还有微妙的狂暴气息的区域。
stat	2202	沿着清野江，回家的路。荒兽实力有了巨大的跃升，但家族已经不再遥远，无需恋战。
stat	2223	偶遇七阶武士，拼尽全力无法战胜...以后不要忘了这个飞啊(x
stat	2237	纳可小时候曾经来过的瀑布附近。其中似乎蕴含着某种领悟。
stat	2252	父亲大人就在不远处。只要击败了这只杂役，就安全了！
stat	2279	纳家打造的历练秘境。包含进阶工作台，休息区，和一处储存室。
stat	2283	调息，冥想[+10XP/s]
stat	2288	使用进阶工作台[Tier+6]
stat	2305	纳家打造的历练秘境。共有五层，每层都有更多更强的荒兽与魔物，同时光环效果更强。
stat	2316	纳家打造的历练秘境。这是最外围的区域。
stat	2337	纳家打造的历练秘境。这是较外围的区域。
stat	2357	纳家打造的历练秘境。这是介于内外之间的区域。
stat	2377	纳家打造的历练秘境。这是较为靠近核心的区域。
stat	2397	纳家打造的历练秘境。这是核心区域。
stat	2419	纳家打造的历练秘境最核心的区域。灵阵强度可以自由调节。(楼层手册更新可能不及时,属性请以心火精灵为准)
stat	2437	秘境最核心的精灵就在此处。击败它就可以控制整个秘境！
stat	2467	被老祖纳鹰指引而来，封印着“灵”的结界湖。
stat	2475	秘境核心的湖泊。新生的“灵”与荒兽在此徘徊。
stat	2496	秘境核心的湖泊。新生的“灵”，人类和秘境守护者同时存在。
stat	2516	秘境核心的湖泊。出现了颇具危险性，不慎落入就难以摆脱的地缚“灵”。
stat	2536	秘境核心的湖泊。出现了更多被“灵”占据的人类身体。
stat	2576	呜呜...好强！希望你没把微花残片丢了。
stat	2591	不知不觉……居然走到了核心区域。生活在这里的“灵”也是一等一的强大。
stat	2608	被D9级飞船炸为废墟的声律领主城。在混乱中蕴藏着许多有用的财宝。
stat	2618	被D9飞船摧毁的声律城。其中鱼龙混杂，适合浑水摸鱼。
stat	2718	...露头就秒？！如果可以看到这段话，相信你已经找到破解的办法了。
dyn	2732	竟然有一只大地级巅峰的影子荒兽拦路……<br>那就用它，来检验我这段时间的进步吧。
stat	2744	声律城郊外的混战战场。无需恋战，目标是B9飞船！
stat	2755	符文工作台套件居然还赠送箱子,床,聚能阵！真是物超所值...
stat	2761	在符文之屋修炼[+40XP/s]
stat	2766	使用符文工作台[Tier+8]
stat	2782	被D9飞船摧毁的声律城外战场，杀戮与抢夺屡见不鲜。
stat	2884	前面就是此行的目标——[B9飞船].不过，还有个蓝色大型机器人挡路的说。
stat	2897	[纱雪][散华]领悟的核心是根据生命之比削弱攻击。想要破解，无非提高生命上限，或者造成强制伤害。
stat	2898	这个蓝色的家伙，具备的力量和速度……已经堪比当日的地宫养殖者。一定要做好充分的准备，再过去。
stat	2909	声律城之行的最终目标。可能蕴含着在血洛大陆堪称罕见的宝物，却处处透露出对外来着的不友善与肃杀。
stat	2920	B9级飞船的内部。某种压制力场让外来者感到相当不适。
stat	2939	B9级飞船的内部。出现了一些似乎同出一源的重工机械。
stat	2958	B9级飞船的内部。似乎有内鬼混在里面！
stat	2978	B9级飞船的内部。那些最大只的敌人都在-5...
stat	2998	B9级飞船的内部。小心416 416 416的黑铁战士！
stat	3018	等等，如果没有看错的话，右上角的那个家伙是……！
stat	3030	哼，百方少爷？真是冤家路窄呢。被本小姐在这里遇到的话……是时候让你付出代价了！
stat	3034	这里有天空级的机器人堵路！但是，后面的宝石似乎好大一只...
stat	3047	传说通过了这里，就是飞船冒险者的交换会...得想想办法，击败了那个蓝色的家伙！
stat	3051	剧情太多，先不写在这里了……说起来，内存那么贵，这个储存姬B1肯定很值钱吧。
stat	3064	咕！咕咕！
stat	3078	天外飞船的核心部分。威压遍布，却蕴含着达到天空级的机遇。
stat	3082	想必我们已经进入了核心地域，之后的路，恐怕遍地都是强大的科技造物。
stat	3087	B9级飞船的核心。压制力场更为强大，B1级机械随处可见
stat	3106	B9级飞船的核心。压制力场更为强大。对抗压制力场的经验积累的越来越快了。
stat	3125	B9级飞船的核心。机械与荒兽共存，可以闻到进化晶体的缕缕香气。
stat	3144	B9级飞船的核心。机械与荒兽共存，一股危险的气息就在不远处。
stat	3163	就是这里了！冲过去！无需恋战——这里全是和比B2还恐怖的B1级特化机械！
stat	3182	似乎看守着某种修炼法的两只机械造物。
stat	3197	红门内进化气息浓郁的房间.似乎有人在这里做过实验。
stat	3210	[纳娜米]可可有感觉到吗？附近的能量有一些躁动，似乎在环绕着某个中心旋转。
stat	3214	之前没买符文工作台的有福了！天外科技，无论聚能阵法还是工作台都比符文之屋好一档。
stat	3220	使用天外聚能阵[+120XP/s]
stat	3225	使用天外工作台[Tier+10]
stat	3237	警报！警报！不明来历生命体已经抵达核心区域！启用主战中枢，执行紧急清扫程序——
stat	3264	天外飞船引发【兽潮】后，一片兽潮蔓延区的外围。
stat	3269	两年后，燕岗领，赫尔沼泽。
stat	3276	天外飞船引发【兽潮】后，一片兽潮蔓延区的天空级荒兽聚集地。
stat	3282	【兽潮】席卷的沼泽。云霄以上的兽王被扫荡完毕，但天空级初期荒兽仍然相当普遍。
stat	3358	燕岗精英佣兵们接受了百方的委托，把纳可引到了这里。然而，危险的背后也未尝不是一场机遇。
stat	3371	[燕岗精英佣兵*2]怪物……不要过来！
stat	3381	黑暗的，阴云密布的森林。纳可在此迷失了方向，周围似乎没有人烟。
stat	3386	一般在小说里，这种阴森的地方，总会发生不好的事情吧。呜……接下来一定要小心，慢慢找到回去的方向。
stat	3392	黑暗的，阴云密布的森林。不过，大家的夜视技能应该早就满了？
stat	3411	黑暗的，阴云密布的森林。四周都是不祥的气息。
stat	3430	黑暗的，阴云密布的森林。敌人的生命力上了一个台阶。
stat	3449	黑暗的，阴云密布的森林。有了峰大哥的指引，出口近在眼前。
stat	3468	吃烤肉的青年附近有一只超大的蛮咕兽！快去救人哇！
stat	3481	咦，前面有人？
stat	3485	峰大哥的月轮感悟限时免费送！打爆这只凶兽就好了！
stat	3499	[雷冬]前面是一头变异的荒兽，恐怕达到了四阶巅峰层次。
stat	3512	商店-睡觉-箱子-合成的一站式解决方案。不愧是城里最好的客栈，感觉像家一样。
stat	3519	在飞云阁休息[+360XP/s]
stat	3524	前往炼化楼合成[Tier+12]
stat	3540	相当寒冷的冰雪天地。温度长期停留在240K(-33°C)附近，空气中弥漫的冰元素更是能让大地级修者遭遇不测
stat	3545	被厚厚的积雪所包裹的银白世界中，两个女孩站在一座雪山顶端，俯瞰着茫茫的白色大地。
stat	3553	冰雪构成的白色天地。冰元素使得一些冰元素领悟易于施展，小心了！
stat	3571	务必记得时刻保持自己的血线在健康范围。一旦掉出，冰封术的连击……
stat	3589	冰封术也是有等级之分的！可以防住上个区域的≠下个区域的也没事……
stat	3607	按理来说这里有一只1.3亿防的散华。不过现在没有魔攻药，所以只能拿走了。
stat	3625	前面有一座两侧覆盖着冰雪的石制大门。越过这只怨气魔物才能触碰到它。
stat	3638	系统提示：触碰冰霜门户，或许会有意外收获。
stat	3655	[猎兵]没什么好说的，真要道歉，那就留在这里吧！杀！
stat	3685	非常抱歉，这里的名字最后一个字已经改掉了的说……为了防止有猫掉进虚空，做了这个地点！
stat	3693	坐落于纯白冰原的中心地带，完全由冰块组成的城市。女巫似乎希望留下纳可和纳娜米，却没有意识到攻守已悄然逆转。
stat	3699	[女巫]外来的小东西，本以为你们会知难而退，想不到竟然闯入这冰城里来。
stat	3703	充斥着敌意的冰块城市，女巫指引着狂暴的荒兽
stat	3721	充斥着敌意的冰块城市，更多的女巫对荒兽不断释放着光环
stat	3739	充斥着敌意的冰块城市，女巫离开了……毕竟它们也无法掌控冰血除草者的力量。
stat	3756	充斥着敌意的冰块城市，这里是一片较核心的区域……奇怪的粉发少女似乎在附近！要不要跟上呢？
stat	3774	在光环的庇护之下，我等将誓死冲锋！谔谔啊啊啊啊啊啊！
stat	3788	[敌意老人]狂妄自大的外来者，杀我族人，罪该当诛！
stat	3797	充盈着水元素的奇怪领域。被奇怪的粉色头发女孩子打晕之后就进来了！
stat	3802	[老人]你们……完了……主人会……替我们……报仇……
stat	3808	这一区的小boss着实很多。将会从I~IV区分！
stat	3823	莫尔的脾气很好，人也很好……不会有杀害按钮了啦。
stat	3840	囚禁着大量天空级强者的水牢。也孕育着许多用于积攒经验的【灵】。
stat	3904	强榜强者在听闻纳可姐妹的战绩后，“主动”腾出的一间洞府。
stat	3910	在水牢洞府修炼[+1440XP/s]
stat	3915	使用熔炼阵法[Tier+14]
stat	3933	充盈着水元素的奇怪领域。从此出发去挑战强榜强者！
stat	3942	囚禁着大量天空级强者的水牢。从此出发可以前往强榜强者的住处。
stat	3980	囚禁着大量天空级强者的水牢。距离出水的岸边已经越来越近了。
stat	4000	击败她以解锁时封水牢 - 5！
stat	4016	击败她以……拿到三颗传奇红宝石？
stat	4031	击败她以离开水牢！
stat	4058	已经离开了时封水牢的范围……等会！那个粉色头发的女孩子！
stat	4068	散发着五彩光华的空间，周围有许多实力相近(?)的荒兽。苏醒了，猎杀时刻！
stat	4079	散发着五彩光华的空间。无论左阿到底想要什么，至少这里真的有很多突破机缘。
stat	4158	击败成精的怪物手册来获取五色水晶——当然还有映星紫华。
stat	4176	测试一下伤害是否正常！(才不是因为纱雪的存档还在3-5没办法测，才放这个地图在这里的。)
stat	4191	如果打不过的话，回去吃两本牵制书！说不定还有其他的邪道呢？
stat	4210	幻境之行，应该就到此为止……等等，骗人的吧，这，这里是——地宫？有姐姐的声音！
stat	4219	隐约听到姐姐的声音？！姐姐不会——就在那里——
stat	4237	大胆茸茸！我一眼就看出你不是姐姐！姐姐虽然会灵体，但哪有你这么强哇。
stat	4258	所以这一次是——家族秘境，结界湖吗，不知道这里有没有冰柱鱼。这里也算是……对我影响很深的地方呢。
stat	4268	就是在这里，纳鹰前辈传授了我很多修炼心得，令我一步步成长到现在。
stat	4292	幻境，已经被打破了两重。那一场生灵涂炭的劫难……身临其境，不自觉就会变得暴戾起来。
stat	4302	要坚信，这一切的劫难……都是假象……假象！
stat	4321	说起来，彭罗斯三角什么的在攻防中会有怎样的妙用呢？感觉是一个不错的巧思主题。
stat	4340	那么，第四重幻境……天外来客的飞船核心？说起来，附近的区域，似乎有一种莫名的怨念在聚集。
stat	4351	这种怨念……这是之前三重幻境，都没有感应到过的。这一次，又是什么呢？
stat	4369	看来讲话是讲不通了！Plan B~物·理·超·度！
stat	4384	真的非常狠！蛮咕兽，狠咕兽，特咕兽——征集下一个名字！暴咕兽怎么样？
stat	4405	好浓的雾气……不过辨认眼前的事物还是没问题的。这是，遇到峰大哥的那片森林吧。
stat	4417	说起来，如果不是百家联合许多势力设计，我也就不会遇到峰大哥，就不会有后来的这些事情。
stat	4435	这家伙的信心取决于被牵制毒害的有多深！说到底不就差了两倍吗……魔不行别怪到牵制头上哇。
stat	4455	挣脱开心魔的侵袭后，彩色光芒浮现。五层幻境全部破碎，此地即是幻境的真正核心。另外，左阿忙着抹除印记，这里的阵法可以偷用一下！
stat	4461	“借用”幻境阵法修炼[+5760XP/s]
stat	4466	“借用”熔炼阵法[Tier+16]
stat	4482	请登上最后的决战之地，击败左阿！
stat	4506	这里就是第三幕的终极尽头！对了，你回不去了。复活也是就地复活哦。
stat	4516	心之灵·禁锢 自选敌人区域！
stat	4530	心之灵·滋生 自选敌人区域！
stat	4544	心之灵·暴走 自选敌人区域！
stat	4558	左阿的最终战斗！
stat	4583	左阿的战斗……结束了！
stat	4594	终于回到家族了！是时候夺走这家主大位……
stat	4601	老爹突破了。想要拿走奇宝可没有原作那么简单了！
stat	4620	激动人心的燕岗领狩猎大赛。这里是第一阶段！
stat	4630	紧张刺激的燕岗领狩猎大赛~全是云霄级战力哦~
stat	4649	听说这附近许多强者都选择抱团取暖。如果缺乏足够的影响力，或许买到补给都成问题？
stat	4668	单靠一人奋勇杀敌是无法扩大整个势力的影响力的。真正重要的是大量中流砥柱……
stat	4684	[纳可]诶，那边那个人看起来没了气息。是已经死亡被淘汰了吗……等会！怎么它变绿了也变强了！一定要避开它。
stat	4687	我从地狱回来了！你知道我这几十年怎么过的吗！！！
stat	4702	结界湖BOSS战强势回归！依旧是法师-战士-坦克的阵容~
stat	4726	似乎是上纪元被废弃的古战场区域。人造物痕迹仍然存在，植被却已极度繁盛。
stat	4732	[纳可]怪事，战前似乎没有下发狩猎大赛的路线图。不过，既然是比狩猎，那跟着强者和荒兽多的路线走就对了！
stat	4738	一个野生的补给区域。似乎上古炼器炉的气息驱散了这里的毒虫，使这里变成了密林中难得的清净之地。这里甚至有些许水体，可以练习高难度游泳动作！
stat	4743	使用补给点修炼资源[+23040XP/s]
stat	4748	使用前人留下的上古炼器炉[Tier+18]
stat	4764	由于古战场上存在大量强者尸体，蚊子们逐步产生了适应进化，破防能力大大加强了！
stat	4783	[???]嗡嗡嗡嗡嗡……[纳可]看来这条路线上蚊子众多。在拥有强力恢复效果前，还是尽可能速战速决吧。
stat	4786	古古怪树真是天下第一雄关啊。告诉你们一个好消息：4-3没有这货。
stat	4804	[纳可]随着逐步深入密林，敌人愈发强大，指示天地能量浓度的蚊虫量却几乎恒定。前方必有大机缘的入口！
stat	4807	对策卡并不只有纳可的道具：诺，那个【硬化】就是C1镭射枪·残的对策卡。
stat	4827	这里没有古古怪树了。但代价是……极致的数值和机制！
stat	4845	[纳可]强者们似乎都聚集在一处固若金汤的主门前。绕过它只需要迅速击败3个警戒哨！好机会！
stat	4849	快点把它们全部干掉！虽然看起来血不多，但这些全是时封……
stat	4874	就知道哨所前面指定有好东西~虽然古墓中弥漫着阴冷的气息，但可以隐约感应到，突破云霄，就在此地！[V4.20前版本终点]
stat	4884	附近似乎有人正在寻找纳家后人的下落！[提示:影响力达到50且通过此区域]
stat	4904	警戒哨怎么监守自盗，跑进古墓里来了啊！这就是狩猎大赛带来的破格吗……
stat	4925	凡是名为【声望商人】的，进货量都和影响力有关。务必切记！
stat	4945	前方就是古墓的底层，【终点线】了！传说那里有一份神秘大奖。希望没有被人捷足先登……
stat	4965	和枫杏红切磋以获取中等进化结晶的制作法！
stat	4981	就是现在！抓住那只正在突破的狗王~
stat	4995	击败枫杏红，获取城主接见！
stat	5020	【燕岗领】与【清波领】的交界地带，活跃着云霄级中期的探险强者！
stat	5031	原本被一批青茸茸将军和红仆小恶魔占据的秘境。在听闻纳可的事迹之后，它们都灰溜溜地逃跑了……
stat	5036	使用山谷秘境修炼资源[+92160XP/s]
stat	5041	使用山谷中的C4级合成台[Tier+20]
stat	5055	死线回归了真是一场恐怖事件啊……那如果这一区死线回归只是最小的问题呢？
stat	5074	该区【冰凌剑】斩杀线位于3600亿敏捷处。不要有侥幸心理——死线增伤会粉碎一切幻想。
stat	5091	[纳可]击败了之前的20波敌人，也空出了一个可用秘境……前方的敌人更加强大。先在此处稍作休整吧。
stat	5094	该区【冻伤】斩杀线位于8100亿攻防和处。没有那些败移和死线了，是时候喘口气了……
stat	5112	[纳可]一块玄铁方尖碑？！这里一定蕴含着超规格的感悟升级契机！
stat	5115	该区【冰封术】斩杀线位于54兆剩余生命处，【追光】斩杀线位于7200亿防御处，还有【死线】增伤，【散华】【生命限制】收割残余生命。
stat	5132	[纳可]山谷秘境的地下似乎埋着不得了的东西……翻个底朝天肯定是做不到的。但用念力感受一下呢？
stat	5135	一座玄铁母制成的方尖碑！参拜它或许可以让【映星花】领悟产生质变。至于这些家伙……唯一有效的应对方法就是闪避更多的【吹火掌】。
stat	5156	完全是被拉过来凑数的家伙。这区的资源都用来供养地底的宝藏了……
stat	5174	圣荒领与兰陵领的交界地带，争斗不断，血流漂杵。这座主峰是【大青王】的领地。[V3.50前版本终点]
stat	5720	在清野瀑布中抗衡急流[EXPx32]
stat	5794	在秘境中绕圈跑[EXPx32]
stat	5833	赶往声律城[EXPx64]
stat	5844	偷偷用镐子挖出更大颗的宝石
stat	5862	挖开冰块，拯救被困住的商人
stat	5879	感应时封水牢中充盈的水元素
stat	5889	偷偷用镐子挖出……血杀剑？
stat	5907	在幻境·结界湖中垂钓(2D)
stat	5923	在敌群中练习神行术[EXPx192]
stat	5933	在密林的溪流中躲开追兵[EXPx192]
