active_effects.js	53	name	饱食
active_effects.js	62	name	饱食 II
active_effects.js	71	name	饱食 III
active_effects.js	84	name	恢复 A1
active_effects.js	94	name	强化 A1
active_effects.js	105	name	恢复 A8
active_effects.js	115	name	强化 A8
active_effects.js	128	name	虚弱
active_effects.js	139	name	饱食 IV
active_effects.js	151	name	饱食 V
active_effects.js	162	name	饱食 VI
active_effects.js	175	name	饱食 VII
active_effects.js	187	name	饱食 VIII
active_effects.js	200	name	魔攻 A9
active_effects.js	209	name	牵制 A9
active_effects.js	217	name	回风 A9
active_effects.js	226	name	坚固 A9
active_effects.js	235	name	灵闪 B9
active_effects.js	239	name	散华 B9
active_effects.js	243	name	反戈 B9
active_effects.js	247	name	异界之门 B9
active_effects.js	253	name	皎月祝福·新月
active_effects.js	257	name	皎月祝福·蛾眉月
active_effects.js	261	name	皎月祝福·上弦月
active_effects.js	265	name	皎月祝福·盈凸月
active_effects.js	269	name	皎月祝福·满月
active_effects.js	273	name	皎月祝福·亏凸月
active_effects.js	277	name	皎月祝福·下弦月
active_effects.js	281	name	皎月祝福·残月
active_effects.js	285	name	辐射
active_effects.js	290	name	灵感
active_effects.js	295	name	恢复 B1
active_effects.js	304	name	恢复 B4
active_effects.js	315	name	恢复 B8
active_effects.js	324	name	强化 B8
active_effects.js	337	name	饱食 IX
active_effects.js	350	name	恢复 C2
active_effects.js	359	name	饱食 X
active_effects.js	373	name	恢复 C3
active_effects.js	382	name	恢复 C4
active_effects.js	392	name	强化 C3
active_effects.js	402	name	强化 C3G
active_effects.js	419	name	烈日祝福·乾
active_effects.js	423	name	烈日祝福·兑
active_effects.js	427	name	烈日祝福·离
active_effects.js	431	name	烈日祝福·震
active_effects.js	435	name	烈日祝福·巽
active_effects.js	440	name	烈日祝福·坎
active_effects.js	445	name	烈日祝福·艮
active_effects.js	450	name	烈日祝福·坤
active_effects.js	457	name	迟缓
active_effects.js	461	name	灵魂之力 I
active_effects.js	465	name	灵魂之力 II
active_effects.js	469	name	灵魂之力 III
active_effects.js	475	name	灵魂之力 IV
active_effects.js	481	name	灵魂之力 V
active_effects.js	487	?	新月
active_effects.js	487	?	蛾眉月
active_effects.js	487	?	上弦月
active_effects.js	487	?	盈凸月
active_effects.js	487	?	满月
active_effects.js	487	?	亏凸月
active_effects.js	487	?	下弦月
active_effects.js	487	?	残月
active_effects.js	488	?	生命恢复 + 1%
active_effects.js	488	?	暴击概率 x 1.5
active_effects.js	488	?	暴击伤害 x 1.6
active_effects.js	488	?	普攻倍率 x 1.4
active_effects.js	488	?	攻击力 x 1.1
active_effects.js	488	?	防御力 x 1.2
active_effects.js	488	?	敏捷 x 1.2
active_effects.js	488	?	速度 x 1.1
active_effects.js	492	name	死线
activities.js	110	action_text	练习奔跑
activities.js	117	action_text	练习游泳
activities.js	124	action_text	感应水元素
activities.js	135	action_text	抡着镐子
activities.js	143	action_text	收集木头
character.js	335	?	生命值完全恢复了<br>
combat_stances.js	68	name	[无]
combat_stances.js	146	name	融血·疾
combat_stances.js	159	name	融血·锐
combat_stances.js	171	name	水无心·流水
combat_stances.js	185	name	水无心·洪水
combat_stances.js	199	name	水无心·雨水
combat_stances.js	213	name	映星花·巨星
combat_stances.js	226	name	映星花·繁星
combat_stances.js	238	name	映星花·花海
combat_stances.js	252	name	映星天彩·纯色
combat_stances.js	265	name	映星天彩·虹彩
combat_stances.js	277	name	映星天彩·双虹
combat_stances.js	278	id	映星天彩·双红
combat_stances.js	289	name	映星天彩·血杀
crafting_recipes.js	322	name	剑刃
crafting_recipes.js	344	name	剑柄
crafting_recipes.js	358	name	三叉戟头
crafting_recipes.js	375	name	轮锋
crafting_recipes.js	393	name	轮芯
crafting_recipes.js	447	name	头部外甲
crafting_recipes.js	468	name	头部内甲
crafting_recipes.js	486	name	胸部外甲
crafting_recipes.js	507	name	胸部内甲
crafting_recipes.js	525	name	腿部外甲
crafting_recipes.js	546	name	腿部内甲
crafting_recipes.js	565	name	脚部外甲
crafting_recipes.js	586	name	脚部内甲
crafting_recipes.js	610	name	剑
crafting_recipes.js	615	name	三叉戟
crafting_recipes.js	620	name	月轮
crafting_recipes.js	627	name	头盔
crafting_recipes.js	632	name	胸甲
crafting_recipes.js	637	name	腿甲
crafting_recipes.js	642	name	战靴
crafting_recipes.js	877	name	柳木注灵
crafting_recipes.js	886	name	活性织料·改良(x15)
crafting_recipes.js	929	name	符文工作台
crafting_recipes.js	1115	name	熔炼铁锭
crafting_recipes.js	1126	name	熔炼精钢
crafting_recipes.js	1136	name	熔炼紫铜
crafting_recipes.js	1145	name	地宫合金
crafting_recipes.js	1154	name	锤炼宝石
crafting_recipes.js	1163	name	暗影提炼
crafting_recipes.js	1173	name	充能合金·粗制
crafting_recipes.js	1181	?	充能合金·精制(x4)
crafting_recipes.js	1182	name	充能合金·精制
crafting_recipes.js	1191	name	脉冲合金
crafting_recipes.js	1200	name	熔炼蓝金
crafting_recipes.js	1209	name	熔炼海绿(x2)
crafting_recipes.js	1219	name	熔炼红钢(x4)
crafting_recipes.js	1229	name	重铸飞船核心
crafting_recipes.js	1239	name	旋律合金(x2)
crafting_recipes.js	1248	name	万载冰髓·古法
crafting_recipes.js	1257	name	晶化合金(x3)
crafting_recipes.js	1266	name	水素合金(x2)
crafting_recipes.js	1275	name	熔炼宝石母
crafting_recipes.js	1284	name	熔炼魂晶(x3)
crafting_recipes.js	1293	name	盖亚合金(x2)
crafting_recipes.js	1302	name	远古合金(x2)
crafting_recipes.js	1311	name	熔炼源金(x2)
crafting_recipes.js	1320	name	熔炼红钨(x2)
crafting_recipes.js	1334	name	微尘级·烤肉
crafting_recipes.js	1342	name	万物级·烤肉
crafting_recipes.js	1351	name	潮汐级·烤肉
crafting_recipes.js	1360	name	大地级·烤肉
crafting_recipes.js	1369	name	大地级·烤肉 II
crafting_recipes.js	1379	name	鱼肉处理
crafting_recipes.js	1388	name	蓝金处理
crafting_recipes.js	1398	name	大地级·烤肉 III
crafting_recipes.js	1434	?	天空级·炸肉
crafting_recipes.js	1435	name	天空级·炸肉 
crafting_recipes.js	1454	name	进阶炼金药剂-散华
crafting_recipes.js	1463	name	进阶炼金药剂-反戈
crafting_recipes.js	1472	name	进阶炼金药剂-灵闪
crafting_recipes.js	1481	name	进阶炼金药剂-异界
crafting_recipes.js	1517	name	云霄级·烤肉
crafting_recipes.js	1586	name	缠绕水晶-精制[x5]
crafting_recipes.js	1631	name	铜骨注灵
crafting_recipes.js	1640	name	提炼宝石
crafting_recipes.js	1650	name	精炼宝石 I
crafting_recipes.js	1659	name	精炼宝石 II
crafting_recipes.js	1698	name	炼金药剂-魔攻
crafting_recipes.js	1707	name	炼金药剂-回风
crafting_recipes.js	1716	name	炼金药剂-牵制
crafting_recipes.js	1725	name	炼金药剂-坚固
crafting_recipes.js	1753	name	超浓缩药剂-坚固
crafting_recipes.js	1762	name	拆包-高能凝胶
crafting_recipes.js	1771	name	拆包-B1·能量核心
crafting_recipes.js	1810	name	虹彩杖芯(x2)
crafting_recipes.js	1828	name	破空紫蕨(x2)
crafting_recipes.js	1846	name	密林织料(x3)
crafting_recipes.js	1855	name	血灵骨棉(x3)
crafting_recipes.js	1864	name	青冰棉(x2)
dialogues.js	7	?	与 ${name} 对话
dialogues.js	8	?	返回
dialogues.js	473	name	猫妖
dialogues.js	475	?	你是谁
dialogues.js	479	?	背景故事
dialogues.js	490	?	Neko是谁
dialogues.js	515	name	打开大门
dialogues.js	539	name	秘法石碑 - 1
dialogues.js	543	name	参悟融血·疾
dialogues.js	552	name	参悟融血·锐
dialogues.js	564	name	路人甲
dialogues.js	571	?	往东再走一里半即可到达
dialogues.js	582	name	百兰
dialogues.js	650	name	地宫老人
dialogues.js	737	name	纳布
dialogues.js	809	name	清野瀑布
dialogues.js	810	starting_text	注视着清野瀑布
dialogues.js	851	name	*不自觉地挥剑*
dialogues.js	871	name	纳布(江畔)
dialogues.js	872	starting_text	与父亲纳布对话
dialogues.js	973	name	提高一层灵阵功率\\o/
dialogues.js	981	name	降低一层灵阵功率T_T
dialogues.js	998	name	纳鹰
dialogues.js	999	starting_text	和结界湖的神秘强者对话
dialogues.js	1043	name	啊...
dialogues.js	1087	name	纳娜米(废墟)
dialogues.js	1189	name	心魔(战场)
dialogues.js	1205	name	……(检查过往的经历)
dialogues.js	1215	name	御兰
dialogues.js	1216	starting_text	观赏御兰与昊荒的强者之战
dialogues.js	1262	name	皎月神像
dialogues.js	1263	starting_text	参拜战场中的皎月之神像
dialogues.js	1267	name	(恭敬地拜三拜)
dialogues.js	1285	name	(上供刀币获取赐福)
dialogues.js	1363	name	核心反应堆
dialogues.js	1368	name	使用 [核心反应堆]
dialogues.js	1378	name	纳布(沼泽)
dialogues.js	1410	name	……明白
dialogues.js	1422	name	结界湖转化器
dialogues.js	1467	starting_text	和铁甲青年对话
dialogues.js	1546	name	这都什么乱七八糟的...
dialogues.js	1567	name	峰(飞云)
dialogues.js	1568	starting_text	和峰大哥对话
dialogues.js	1672	name	使用 [极寒相变引擎]
dialogues.js	1682	name	冰霜门户
dialogues.js	1696	name	(继续向前)
dialogues.js	1750	name	溪月
dialogues.js	1751	starting_text	和突然出现的神秘少女交流
dialogues.js	1794	name	(愣住)
dialogues.js	1816	name	竺虎
dialogues.js	1851	name	想打架就直说嘛……
dialogues.js	1871	name	饶恕
dialogues.js	1914	name	莫尔
dialogues.js	1954	name	(他真的值得信任吗……)
dialogues.js	1974	name	秋兴
dialogues.js	2014	name	啪——
dialogues.js	2053	name	<b>离开</b>
dialogues.js	2064	name	蓝柒
dialogues.js	2156	name	溪月 II
dialogues.js	2157	starting_text	和走廊中的粉发少女交流
dialogues.js	2251	name	呼……
dialogues.js	2261	name	（眼前一亮）
dialogues.js	2275	name	传承水晶
dialogues.js	2276	starting_text	触摸散发着光亮的水晶
dialogues.js	2280	name	(摸)
dialogues.js	2290	name	(闭眼)
dialogues.js	2390	name	烈日神像
dialogues.js	2395	name	(不算恭敬地稍微拜一拜)
dialogues.js	2423	name	末世天骄
dialogues.js	2424	starting_text	和怨念集合体对话
dialogues.js	2428	name	(来到面前)
dialogues.js	2438	name	原来如此……
dialogues.js	2458	name	十连扭蛋机
dialogues.js	2459	starting_text	使用 [十连扭蛋机]
dialogues.js	2463	name	扭蛋机介绍
dialogues.js	2510	name	心魔之主
dialogues.js	2582	name	溪月(核心)
dialogues.js	2583	starting_text	和粉发少女[溪月]对话
dialogues.js	2587	name	(睁眼)
dialogues.js	2677	name	(接受情报 pt1)
dialogues.js	2686	name	(接受情报 pt2)
dialogues.js	2695	name	(接受情报 pt3)
dialogues.js	2713	name	(接受情报 pt4)
dialogues.js	2722	name	(接受情报 pt5)
dialogues.js	2731	name	(接受情报 pt6)
dialogues.js	2740	name	(接受情报 pt7)
dialogues.js	2814	name	草场
dialogues.js	2815	starting_text	前往收割[绝音蕨]
dialogues.js	2829	name	左阿(决战)
dialogues.js	2830	starting_text	和左阿“前辈”对话
dialogues.js	2909	name	决战木牌
dialogues.js	2910	starting_text	查看boss战规则
dialogues.js	2914	name	【心之灵】和【灵魂之力】
dialogues.js	2922	name	仪表盘显示
dialogues.js	2930	name	我怎么回不去了
dialogues.js	2940	name	冰溪月
dialogues.js	2941	starting_text	和溪月对话
dialogues.js	2977	name	是那些魂灵吗……
dialogues.js	3056	name	纳布(宝库)
dialogues.js	3057	starting_text	和 纳布(宝库) 对话
dialogues.js	3061	name	我回来了~
dialogues.js	3122	name	枫杏红
dialogues.js	3123	starting_text	和 枫杏红 对话
dialogues.js	3156	text	[枫杏红]
dialogues.js	3165	name	石风雄
dialogues.js	3166	starting_text	和 石风雄 对话
dialogues.js	3207	name	玄铁方尖碑
dialogues.js	3208	starting_text	感悟方尖碑上的痕迹
dialogues.js	3212	name	升华【映星花】
dialogues.js	3223	name	地层钻探
dialogues.js	3224	starting_text	【地层钻探】
dialogues.js	3228	name	进行【地层钻探】
dialogues.js	3238	name	心之石像
dialogues.js	3239	starting_text	凝聚战斗中积累的感悟
display.js	313	?	头部
display.js	313	?	躯干
display.js	313	?	腿部
display.js	313	?	脚部
display.js	313	?	镐子
display.js	313	?	斧子
display.js	313	?	镰刀
display.js	313	?	道具
display.js	313	?	秘法
display.js	313	?	特殊
display.js	313	?	领域
display.js	339	?	防御
display.js	339	?	攻击
display.js	339	?	攻速
display.js	339	?	敏捷
display.js	339	?	暴率
display.js	339	?	生命
display.js	339	?	普攻倍率
display.js	339	?	爆伤
display.js	339	?	生命恢复
display.js	339	?	生命恢复[%]
display.js	339	?	幸运
display.js	339	?	宝石耐性
display.js	405	?	<br>效果: 
display.js	434	?	<br>基础属性: 
display.js	445	?	<br>预期属性: 
display.js	513	?	生命上限
display.js	1220	?	武器
display.js	1301	?	[使用]
display.js	1307	?	[阅读]
display.js	1315	?	[装备]
display.js	1320	?	[卸下]
display.js	1359	?	法则
display.js	1814	?	前往 [
display.js	1822	?	进入 [
display.js	1852	?	回到 
display.js	1888	?	进入 
display.js	1974	?	黑暗
display.js	1974	?	光环
display.js	1974	?	威压
display.js	2265	?	制作
display.js	2273	?	[制作最大]
display.js	2416	?	材料:<br>
display.js	2719	?	普通攻击的伤害倍率
display.js	2793	?	燕岗领排名: 
display.js	2832	?	境界
display.js	2832	?	技能里程碑
display.js	2832	?	装备
display.js	2832	?	环境
display.js	2832	?	光照
display.js	2832	?	效果
display.js	2832	?	心之境界
display.js	2864	?	无效果
display.js	2896	?	导出
display.js	3064	?	水元素感应
display.js	3140	?	<br>前往声律城...
display.js	3164	?	睡觉...
display.js	3173	?	起床
display.js	3216	?	行动
display.js	3216	?	角色
display.js	3216	?	收集
display.js	3328	?	已满级
display.js	3521	?	同时攻击最多 
display.js	3706	?	魔攻
display.js	3707	?	坚固
display.js	3708	?	迅捷
display.js	3709	?	2连击
display.js	3710	?	疾走
display.js	3711	?	牵制
display.js	3712	?	3连击
display.js	3713	?	撕裂
display.js	3714	?	衰弱
display.js	3715	?	反转
display.js	3716	?	回风
display.js	3718	?	时封
display.js	3719	?	惑幻
display.js	3720	?	斩阵
display.js	3721	?	异界之门
display.js	3722	?	飓风
display.js	3723	?	执着
display.js	3724	?	贪婪
display.js	3725	?	同调
display.js	3726	?	天剑
display.js	3727	?	灵体
display.js	3728	?	绝世
display.js	3729	?	灵闪
display.js	3730	?	饮剑
display.js	3731	?	饮盾
display.js	3732	?	分裂
display.js	3733	?	柔骨
display.js	3734	?	肤·免疫
display.js	3735	?	阻击
display.js	3736	?	净化
display.js	3737	?	回春
display.js	3738	?	反戈
display.js	3739	?	连击
display.js	3740	?	凌弱
display.js	3742	?	自爆
display.js	3743	?	散华
display.js	3744	?	冰符咒
display.js	3745	?	贪婪·宝石
display.js	3746	?	追光
display.js	3747	?	召唤
display.js	3748	?	圣阵
display.js	3749	?	激光
display.js	3751	?	10回合
display.js	3752	?	饮剑·改
display.js	3753	?	饮盾·改
display.js	3754	?	冰凌剑
display.js	3755	?	冰封术
display.js	3756	?	冻伤
display.js	3757	?	压制
display.js	3758	?	压制·伪
display.js	3759	?	同调·魔
display.js	3760	?	生命限制
display.js	3761	?	贪婪·改
display.js	3762	?	禁锢
display.js	3763	?	滋生
display.js	3764	?	暴走
display.js	3765	?	心之灵
display.js	3766	?	败移
display.js	3767	?	小队
display.js	3769	?	硬化
display.js	3770	?	大队
display.js	3771	?	血遁
display.js	3772	?	吹火掌
display.js	3773	?	血杀
display.js	3774	?	散华·改
display.js	3785	?	/亿
display.js	3797	?	试图创建未定义的敌人 [
display.js	3797	?	] 的怪物手册条目
display.js	3836	?	<br>属性: <br>
display.js	3945	?	特殊属性 编号[
display.js	3953	?	<br>战利品:
display.js	3966	?	名称
display.js	4002	?	<br>预期收益: 
display.js	4027	11	纳家练兵场
display.js	4027	13	燕岗城郊
display.js	4027	15	地宫核心
display.js	4027	37	幻境核心
display.js	4027	41	城门战
display.js	4027	42	密林战
display.js	4027	43	古墓战
display.js	4027	46	破败之域
display.js	4027	47	破败危壁
display.js	4027	51	枯叶走廊
display.js	4027	52	灰魇【WIP】
display.js	4027	53	灰魇庭院
display.js	4027	54	珍珠海
display.js	4027	55	风雷大会
display.js	4027	56	行道盟审判战
display.js	4027	61	深林【WIP】
display.js	4027	62	血魔海
display.js	4027	63	炎眸【WIP】
display.js	4027	64	葬地【WIP】
display.js	4027	65	冗音圣树
display.js	4027	66	冗音之塔
display.js	4027	67	音界
display.js	4027	68	圣城【WIP】
display.js	4198	?	<br>预期收益/敌人：
enemies.js	253	name	毛茸茸
enemies.js	270	name	武装毛茸茸
enemies.js	288	name	红毛茸茸
enemies.js	306	name	小飞蛾
enemies.js	327	name	骸骨
enemies.js	348	name	武装红毛茸茸
enemies.js	366	name	少年法师
enemies.js	385	name	微尘级野兽
enemies.js	405	name	废弃傀儡
enemies.js	425	name	黑毛茸茸
enemies.js	444	name	荧光飞蛾
enemies.js	463	name	橙毛茸茸
enemies.js	482	name	聚灵骸骨
enemies.js	503	name	大飞蛾
enemies.js	524	name	血洛游卒
enemies.js	543	name	石精
enemies.js	562	name	弱小意念
enemies.js	580	name	聚魂骸骨
enemies.js	597	name	青年法师
enemies.js	614	name	武装橙毛茸茸
enemies.js	635	name	万物级凶兽
enemies.js	655	name	习武孩童
enemies.js	677	name	出芽茸茸
enemies.js	697	name	试炼木偶
enemies.js	716	name	纳家待从
enemies.js	735	name	轻型傀儡
enemies.js	754	name	出芽红茸茸
enemies.js	774	name	万物级异兽
enemies.js	792	name	高速傀儡
enemies.js	811	name	黄毛茸茸
enemies.js	832	name	纳家塑像
enemies.js	851	name	出芽橙茸茸
enemies.js	871	name	森林野蝠
enemies.js	890	name	血洛喽啰
enemies.js	911	name	百家小卒
enemies.js	930	name	下位佣兵
enemies.js	950	name	地龙荒兽
enemies.js	969	name	毒虫
enemies.js	989	name	精壮青年
enemies.js	1008	name	法师学徒
enemies.js	1028	name	生灵骸骨
enemies.js	1048	name	腐蚀质石精
enemies.js	1066	name	绿毛茸茸
enemies.js	1084	name	荒野蜂
enemies.js	1102	name	切叶虫茧
enemies.js	1119	name	花灵液
enemies.js	1137	name	燕岗领从者
enemies.js	1156	name	野生幽灵
enemies.js	1174	name	荒兽尼尔
enemies.js	1193	name	司雍世界修士
enemies.js	1212	name	潮汐级荒兽
enemies.js	1230	name	掠原蝠
enemies.js	1250	name	黑夜傀儡
enemies.js	1267	name	来一口
enemies.js	1286	name	绿原行者
enemies.js	1305	name	初生鬼
enemies.js	1324	name	燕岗领佣兵
enemies.js	1344	name	冷冻火
enemies.js	1363	name	缠绕骸骨
enemies.js	1384	name	灵蔓茸茸
enemies.js	1404	name	夜行幽灵
enemies.js	1422	name	石风家族剑士
enemies.js	1441	name	能量络合球
enemies.js	1459	name	短视蝠
enemies.js	1477	name	金衣除草者
enemies.js	1496	name	阴暗茸茸
enemies.js	1515	name	地宫妖偶
enemies.js	1533	name	地宫虫卒
enemies.js	1554	name	地刺
enemies.js	1574	name	探险者亡魂
enemies.js	1595	name	布菇妖
enemies.js	1616	name	腾风塑像
enemies.js	1636	name	出芽黄茸茸
enemies.js	1655	name	大地级卫戍
enemies.js	1674	name	地宫看门人
enemies.js	1693	name	行走树妖
enemies.js	1711	name	深邃之影
enemies.js	1729	name	抽丝鬼
enemies.js	1747	name	燕岗堕落狩士
enemies.js	1765	name	二极蝠
enemies.js	1784	name	凶戾骨将
enemies.js	1803	name	武装绿毛茸茸
enemies.js	1822	name	二阶荒兽
enemies.js	1841	name	地下岩火
enemies.js	1859	name	初级魔法师
enemies.js	1877	name	喵咕哩
enemies.js	1896	name	颂歌符文
enemies.js	1914	name	地宫执法者
enemies.js	1932	name	出芽绿茸茸
enemies.js	1951	name	巨型蜘蛛
enemies.js	1969	name	地穴飞鸟
enemies.js	1989	name	小势力探险者
enemies.js	2007	name	踏地荒兽
enemies.js	2026	name	扭曲菇菇
enemies.js	2045	name	温热飞蛾
enemies.js	2063	name	苍白之触
enemies.js	2082	name	燕岗城守卫
enemies.js	2101	name	灵能菇菇
enemies.js	2120	name	妖灵飞蛾
enemies.js	2139	name	飞叶级魔法师
enemies.js	2157	name	血洛箭手
enemies.js	2176	name	有角一族
enemies.js	2195	name	噬血术傀儡
enemies.js	2212	name	司雍世界行者
enemies.js	2231	name	密林大鸟
enemies.js	2250	name	地龙幼崽
enemies.js	2268	name	人立茸茸
enemies.js	2288	name	草木蜘蛛
enemies.js	2309	name	持盾荒兽
enemies.js	2327	name	芊叶蝠
enemies.js	2347	name	深林妖偶
enemies.js	2366	name	银杖茸茸
enemies.js	2385	name	小门派执事
enemies.js	2405	name	哥布林战士
enemies.js	2424	name	刺猬精
enemies.js	2442	name	毒枭蝎
enemies.js	2462	name	百家近卫
enemies.js	2480	name	怨灵船夫
enemies.js	2498	name	旱魃龟
enemies.js	2517	name	复苏骸骨
enemies.js	2536	name	旅行魔术师
enemies.js	2555	name	水溶茸茸
enemies.js	2573	name	飞龙幼崽
enemies.js	2592	name	鲜红八爪鱼
enemies.js	2611	name	商船水手
enemies.js	2630	name	深水恐怖
enemies.js	2650	name	礁石灵
enemies.js	2669	name	火烧云
enemies.js	2690	name	行脚商人
enemies.js	2709	name	马里奥菇菇
enemies.js	2728	name	清野江盗匪
enemies.js	2747	name	极冰火
enemies.js	2766	name	清野江窃贼
enemies.js	2788	name	大门派杂役
enemies.js	2808	name	燕岗高等散修
enemies.js	2827	name	高歌骸骨
enemies.js	2847	name	微花灵阵
enemies.js	2866	name	灵慧石人
enemies.js	2886	name	纳家探宝者
enemies.js	2906	name	秘境蝎龙
enemies.js	2927	name	荒兽法兵
enemies.js	2946	name	巨人先锋
enemies.js	2966	name	威武武士
enemies.js	2986	name	七阶卫戍
enemies.js	3005	name	秘境帕芙之灵
enemies.js	3024	name	秘境猬精
enemies.js	3044	name	秘境心火精灵
enemies.js	3064	name	纳家冰雪亲卫
enemies.js	3084	name	有甲有角族
enemies.js	3103	name	水晶傀儡
enemies.js	3122	name	原力刀客
enemies.js	3141	name	秘境胖胖鸟
enemies.js	3160	name	人立金茸茸
enemies.js	3179	name	喵咕咕哩
enemies.js	3199	name	秘境滋生魔
enemies.js	3219	name	蓝帽行者
enemies.js	3238	name	流云级魔法师
enemies.js	3257	name	威武异衣士
enemies.js	3277	name	雪魅蝠
enemies.js	3297	name	大眼八爪鱼
enemies.js	3317	name	废墟猎兵
enemies.js	3335	name	废墟菇灵
enemies.js	3354	name	燕岗城探险者
enemies.js	3373	name	声律城骸骨
enemies.js	3393	name	声律城难民
enemies.js	3411	name	锈胎人
enemies.js	3431	name	紫锈胎人
enemies.js	3447	name	双棱晶体
enemies.js	3466	name	废墟恐怖
enemies.js	3486	name	兰陵城探险者
enemies.js	3505	name	猫茸茸
enemies.js	3524	name	圣荒城探险者
enemies.js	3542	name	远古傀儡
enemies.js	3560	name	血洛幽灵
enemies.js	3578	name	废墟飞鸟
enemies.js	3596	name	兰陵城小队长
enemies.js	3616	name	伏地精
enemies.js	3640	name	废墟虫卒
enemies.js	3659	name	战场亡魂
enemies.js	3678	name	废墟追风者
enemies.js	3699	name	古寒铁石精
enemies.js	3720	name	暗茸茸战士
enemies.js	3742	name	魔族潜行者
enemies.js	3763	name	圣荒城骑士
enemies.js	3782	name	战场凶残暴徒
enemies.js	3801	name	战场复苏骸骨
enemies.js	3821	name	探险者队长
enemies.js	3840	name	废墟荒兽
enemies.js	3859	name	哥布林盾兵
enemies.js	3879	name	鎏银幽灵
enemies.js	3899	name	血洛老年修士
enemies.js	3919	name	初级卫兵A9
enemies.js	3939	name	领域之械A9
enemies.js	3960	name	荒兽电法兵
enemies.js	3980	name	黑桃重工A9
enemies.js	4001	name	夹击之械A9
enemies.js	4022	name	神权十字A9
enemies.js	4043	name	梅花重工A9
enemies.js	4063	name	古老符文
enemies.js	4083	name	生命熔炉A9
enemies.js	4104	name	高级卫兵B1
enemies.js	4124	name	白银之锋A9
enemies.js	4143	name	黑铁战士B1
enemies.js	4164	name	持盾战士A9
enemies.js	4183	name	血洛游侠
enemies.js	4203	name	方片重工A9
enemies.js	4223	name	燕岗狂战傀儡
enemies.js	4243	name	激光炮塔A9
enemies.js	4261	name	舰船护卫A9
enemies.js	4281	name	红桃重工B1
enemies.js	4301	name	塔门战甲B1
enemies.js	4321	name	万象天引B1
enemies.js	4341	name	镭射步兵B1
enemies.js	4361	name	空间三角B1
enemies.js	4381	name	舰船除草机B1
enemies.js	4400	name	异化者B1
enemies.js	4420	name	核爆能源
enemies.js	4440	name	鲜血之锋B1
enemies.js	4459	name	剧毒恐怖B1
enemies.js	4478	name	黄金茸茸
enemies.js	4497	name	银色血眼B1
enemies.js	4517	name	光子石像B1
enemies.js	4538	name	游走三头蛇
enemies.js	4558	name	质子粉碎机B1
enemies.js	4578	name	城主府基层
enemies.js	4600	name	合金弹头B1
enemies.js	4620	name	深邃之暗B2
enemies.js	4639	name	无面修者
enemies.js	4655	name	大教掌灯人
enemies.js	4671	name	单眼蝠幼体
enemies.js	4688	name	淳羽家族近卫
enemies.js	4706	name	赫尔沼泽野火
enemies.js	4723	name	地龙成长期
enemies.js	4740	name	圣荒杀手傀儡
enemies.js	4756	name	小门派供奉
enemies.js	4772	name	化灵蝶
enemies.js	4789	name	沼泽石灵
enemies.js	4806	name	冈崎猫妖
enemies.js	4823	name	沉陷死者
enemies.js	4839	name	赫尔沼泽飞鼠
enemies.js	4857	name	赫尔沼泽蝠
enemies.js	4874	name	不瞑之目
enemies.js	4890	name	兰陵天空骑士
enemies.js	4907	name	大教外门弟子
enemies.js	4923	name	燕岗精英佣兵
enemies.js	4940	name	凌空级魔法师
enemies.js	4956	name	飞龙成长期
enemies.js	4979	name	有角族壮年
enemies.js	4996	name	黑森异惑之花
enemies.js	5014	name	黑森镔铁战士
enemies.js	5031	name	黑森骸骨
enemies.js	5047	name	司雍世界骨干
enemies.js	5064	name	黑森僵尸茸茸
enemies.js	5081	name	黑森猿人战士
enemies.js	5097	name	怨灵探险者
enemies.js	5113	name	兰陵城深骑士
enemies.js	5130	name	黑森蝎龙
enemies.js	5148	name	黑森猎兵
enemies.js	5163	name	石风家族队长
enemies.js	5179	name	凶悍树妖
enemies.js	5195	name	人立电法茸茸
enemies.js	5212	name	嫉妒毒虫
enemies.js	5231	name	冰原之痕
enemies.js	5247	name	出芽茸茸战士
enemies.js	5263	name	冰原骑士
enemies.js	5279	name	冰原近卫
enemies.js	5296	name	天空级死士
enemies.js	5313	name	司雍传道士
enemies.js	5329	name	冰原出芽茸茸
enemies.js	5346	name	出芽红茸战士
enemies.js	5362	name	冰原之空骸
enemies.js	5380	name	掠冰之蝠
enemies.js	5397	name	霜傀儡
enemies.js	5415	name	冰原荒兽
enemies.js	5432	name	射击卫戍
enemies.js	5449	name	冰山石灵
enemies.js	5466	name	冰原老人
enemies.js	5481	name	冰原骸骨骑士
enemies.js	5502	name	探险者的怨恨
enemies.js	5521	name	出芽橙茸战士
enemies.js	5541	name	敌意猎兵
enemies.js	5561	name	大眼霜冻鱼
enemies.js	5580	name	敌意女巫
enemies.js	5599	name	出芽黄茸战士
enemies.js	5619	name	绝对低温能源
enemies.js	5639	name	敌意骑士
enemies.js	5658	name	出芽绿茸战士
enemies.js	5678	name	冰血除草者
enemies.js	5698	name	夹击卫戍
enemies.js	5718	name	敌意傀儡
enemies.js	5738	name	冰兽龙龙
enemies.js	5757	name	雪茸茸战士
enemies.js	5777	name	大教内门弟子
enemies.js	5796	name	敌意美杜莎
enemies.js	5815	name	敌意巫师
enemies.js	5834	name	出芽青茸战士
enemies.js	5853	name	自爆步兵
enemies.js	5873	name	敌意老人
enemies.js	5900	name	大门派先锋
enemies.js	5918	name	水牢雪怪
enemies.js	5936	name	水牢花妖
enemies.js	5954	name	成熟期蛟龙
enemies.js	5972	name	出芽蓝茸战士
enemies.js	5990	name	燕岗迷途强者
enemies.js	6008	name	水牢嗜血哥布林
enemies.js	6026	name	识灵水藻
enemies.js	6045	name	徘徊的紫乌
enemies.js	6064	name	夜巡傀儡
enemies.js	6083	name	水猫茸茸
enemies.js	6101	name	徘徊的骸骨
enemies.js	6119	name	水牢骨角茸茸
enemies.js	6138	name	水牢石灵
enemies.js	6156	name	仙旅城强战士
enemies.js	6174	name	城主府队长
enemies.js	6192	name	火箭卫戍
enemies.js	6211	name	小门派长老
enemies.js	6230	name	水牢幽暗人形
enemies.js	6248	name	出芽紫茸战士
enemies.js	6266	name	星月幻术师
enemies.js	6285	name	绿皮怪物
enemies.js	6303	name	魔化枭蝎
enemies.js	6321	name	古龙幼崽
enemies.js	6339	name	血杀殿余孽
enemies.js	6357	name	城主府骨干
enemies.js	6376	name	奇异菇菇
enemies.js	6393	name	幻境掌灯人
enemies.js	6410	name	蓝皮怪物
enemies.js	6427	name	幻境通识者
enemies.js	6446	name	火烈茸茸
enemies.js	6465	name	幻境翠绿行者
enemies.js	6483	name	风尘的窃贼
enemies.js	6501	name	深邃级魔法师
enemies.js	6520	name	荒野守尸人
enemies.js	6538	name	幻境火蝶
enemies.js	6556	name	出芽粉茸战士
enemies.js	6574	name	凶恶的金乌
enemies.js	6593	name	幻境血魔
enemies.js	6611	name	窥秘商人
enemies.js	6630	name	燕岗领独行侠
enemies.js	6648	name	幻境飞蛾
enemies.js	6666	name	幻境石灵
enemies.js	6684	name	磐石蜘蛛
enemies.js	6709	name	心魔
enemies.js	6728	name	燕岗辉煌佣兵
enemies.js	6747	name	地宫虫将
enemies.js	6766	name	地宫不眠者
enemies.js	6784	name	地下焚天火
enemies.js	6803	name	燕岗城卫队长
enemies.js	6823	name	秘境荧光帕芙
enemies.js	6842	name	秘境闪耀精灵
enemies.js	6860	name	喵咕啦
enemies.js	6879	name	残雪灵阵
enemies.js	6897	name	晓雪魅蝠
enemies.js	6915	name	威武星骑士
enemies.js	6933	name	圣荒城头目
enemies.js	6954	name	兰陵城头目
enemies.js	6973	name	战场不朽骸骨
enemies.js	6991	name	血腥追风者
enemies.js	7009	name	黄桃重工B9
enemies.js	7027	name	不可能三角B9
enemies.js	7045	name	极寒之锋B9
enemies.js	7065	name	金色血眼B9
enemies.js	7083	name	恐怖机人B9
enemies.js	7101	name	冈崎喵妖
enemies.js	7118	name	血洛大陆骨干
enemies.js	7135	name	扭曲毒虫
enemies.js	7153	name	狠咕兽
enemies.js	7170	name	超量凶悍树妖
enemies.js	7187	name	暗杀飞蛾
enemies.js	7204	name	古龙小兽
enemies.js	7221	name	巨人强豪
enemies.js	7238	name	血洛流浪剑客
enemies.js	7255	name	大门派精英
enemies.js	7274	name	魔草绿球
enemies.js	7291	name	刺穿的菇灵
enemies.js	7308	name	奸猾绝凶兽
enemies.js	7325	name	暴风野蝠
enemies.js	7343	name	城门战傀儡
enemies.js	7361	name	毒牙噬蝠
enemies.js	7379	name	深邃法师小队
enemies.js	7396	name	燕岗狂剑小队
enemies.js	7413	name	古树蜘蛛
enemies.js	7430	name	燕城看门人
enemies.js	7448	name	炽烈茸茸
enemies.js	7465	name	城门战淘汰者
enemies.js	7482	name	哥布林头目
enemies.js	7500	name	燕岗知识分子
enemies.js	7517	name	古古怪树
enemies.js	7535	name	燕岗射手小队
enemies.js	7553	name	壮硕走地兽
enemies.js	7570	name	水晶骷髅
enemies.js	7587	name	绿原圣触
enemies.js	7604	name	腐毒仙子
enemies.js	7623	name	奥术大师
enemies.js	7643	name	绿原蜂后
enemies.js	7661	name	燕岗威武小队
enemies.js	7679	name	绿原守灵人
enemies.js	7696	name	燕岗钢铁战士
enemies.js	7714	name	燕岗骑砍小队
enemies.js	7731	name	燕岗金甲战士
enemies.js	7749	name	燕岗卫戍小队
enemies.js	7766	name	燕岗暮年强者
enemies.js	7784	name	燕岗精英铁卫
enemies.js	7801	name	燕岗名流商人
enemies.js	7820	name	燕岗江洋大盗
enemies.js	7839	name	燕岗战法小队
enemies.js	7857	name	毛茸茸绅士
enemies.js	7875	name	驯兽地龙
enemies.js	7893	name	驯兽养殖者
enemies.js	7911	name	燕岗巨斧斗士
enemies.js	7928	name	燕岗双剑小队
enemies.js	7945	name	燕岗大剑战士
enemies.js	7962	name	燕岗城警戒哨
enemies.js	7980	name	独行双剑侠
enemies.js	7999	name	诡计披甲人
enemies.js	8016	name	自守的斗士
enemies.js	8034	name	燕岗杖剑大队
enemies.js	8051	name	茸茸魔导师
enemies.js	8068	name	燕岗城巡逻哨
enemies.js	8085	name	燕岗壁垒大队
enemies.js	8102	name	奸诈的恶棍
enemies.js	8119	name	燕岗魔力大队
enemies.js	8137	name	隐秘行刺者
enemies.js	8154	name	公正的袍师
enemies.js	8172	name	燕岗全职大队
enemies.js	8189	name	青年天才
enemies.js	8206	name	青衣卫巫小队
enemies.js	8224	name	青茸茸将军
enemies.js	8241	name	青鬼八爪鱼
enemies.js	8259	name	红仆小恶魔
enemies.js	8276	name	红角茸茸
enemies.js	8294	name	天青驯兽
enemies.js	8312	name	飞飞茸茸
enemies.js	8330	name	青面大侠
enemies.js	8348	name	红邪鬼随从商
enemies.js	8366	name	绯红剑侍
enemies.js	8383	name	青衣魔法使
enemies.js	8401	name	难缠的红蝙蝠
enemies.js	8418	name	深红毒蛇刺剑
enemies.js	8436	name	蛮血枭蝎
enemies.js	8453	name	冰霜骸骨
enemies.js	8471	name	蓝泽追光者
enemies.js	8523	name	纳家待从[BOSS]
enemies.js	8542	name	百家小卒[BOSS]
enemies.js	8560	name	腐蚀质石精[BOSS]
enemies.js	8579	name	百兰[BOSS]
enemies.js	8596	name	燕岗领佣兵[BOSS]
enemies.js	8613	name	地宫看门人[BOSS]
enemies.js	8632	name	行走树妖[BOSS]
enemies.js	8648	name	深邃之影[BOSS]
enemies.js	8667	name	地下岩火[BOSS]
enemies.js	8683	name	喵咕哩[BOSS]
enemies.js	8698	name	地宫养殖者[BOSS]
enemies.js	8712	name	百家近卫[BOSS]
enemies.js	8740	name	威武武士[BOSS]
enemies.js	8754	name	礁石灵[BOSS]
enemies.js	8768	name	大门派杂役[BOSS]
enemies.js	8782	name	秘境心火精灵[BOSS]
enemies.js	8797	name	蓝帽行者[BOSS]
enemies.js	8812	name	流云级魔法师[BOSS]
enemies.js	8827	name	威武异衣士[BOSS]
enemies.js	8844	name	废墟追光者[BOSS]
enemies.js	8859	name	初级卫兵A9[BOSS]
enemies.js	8874	name	百方[BOSS]
enemies.js	8889	name	空间三角B1[BOSS]
enemies.js	8904	name	储存姬B1[BOSS]
enemies.js	8919	name	银色血眼B1[BOSS]
enemies.js	8956	name	舰船中枢B6[BOSS]
enemies.js	8972	name	魅影幻姬[BOSS]
enemies.js	8993	name	蛮咕兽[BOSS]
enemies.js	9009	name	天空级凶兽[BOSS]
enemies.js	9026	name	探险者的怨恨[BOSS]
enemies.js	9043	name	敌意猎兵[BOSS]
enemies.js	9058	name	敌意女巫[BOSS]
enemies.js	9074	name	敌意老人[BOSS]
enemies.js	9090	name	竺虎[BOSS]
enemies.js	9106	name	莫尔[BOSS]
enemies.js	9122	name	秋兴[BOSS]
enemies.js	9151	name	蓝柒[BOSS]
enemies.js	9166	name	怪物手册[BOSS]
enemies.js	9185	name	心魔木偶[SP]
enemies.js	9201	name	心魔[BOSS]
enemies.js	9216	name	喵咕啦[BOSS]
enemies.js	9245	name	末世天骄[BOSS]
enemies.js	9260	name	狠咕兽[BOSS]
enemies.js	9274	name	心魔之主[BOSS]
enemies.js	9288	name	心之灵·禁锢[BOSS]
enemies.js	9302	name	心之灵·滋生[BOSS]
enemies.js	9317	name	心之灵·暴走[BOSS]
enemies.js	9332	name	左阿(垂死)[BOSS]
enemies.js	9346	name	左阿[BOSS]
enemies.js	9360	name	纳布[BOSS]
enemies.js	9389	name	薛奇[BOSS]
enemies.js	9402	name	燕岗威武小队[BOSS]
enemies.js	9415	name	燕岗骑砍小队[BOSS]
enemies.js	9428	name	燕岗卫戍小队[BOSS]
enemies.js	9441	name	燕岗城警戒哨[BOSS]
enemies.js	9454	name	枫杏红[BOSS]
enemies.js	9467	name	变异尸狗王[BOSS]
enemies.js	9481	name	飞飞茸茸[BOSS]
enemies.js	9495	name	红邪鬼[BOSS]
enemies.js	9509	name	心火红茸茸[BOSS]
items.js	2285	name	精钢镐
items.js	2294	name	紫铜镐
items.js	2303	name	晶化钻头
items.js	2312	name	死神之镰
items.js	2318	name	暗影斧
items.js	2327	name	充能斧
items.js	2340	name	宝石吊坠
items.js	2351	name	生命之眼
items.js	2362	name	人造茸茸
items.js	2379	name	巨剑徽章
items.js	2393	name	玻璃小炮
items.js	2407	name	水火徽章
items.js	2421	name	三相徽章
items.js	2437	name	摩羽巨币
items.js	2455	name	玻璃大炮
items.js	2470	name	长明灯
items.js	2481	name	荒兽傀儡
items.js	2495	name	光环法杖
items.js	2503	name	冰刺装甲
items.js	2520	name	虹彩灯球
items.js	2534	name	传承水晶·彩
items.js	2551	name	幻符灵阵
items.js	2566	name	伊芙
items.js	2577	name	凝滞力场
items.js	2588	name	C1镭射枪·残
items.js	2602	name	血灵骨网
items.js	2616	name	伪·焚血花王
items.js	2645	name	三月断宵
items.js	2656	name	星解之术
items.js	2667	name	映星紫华
items.js	2685	name	微火
items.js	2702	name	燃灼术
items.js	2723	name	火灵幻海[领域一重]
items.js	2744	name	焰海霜天[领域二重]
items.js	2764	name	焰海霜天[领域三重]
items.js	2784	name	出云落月[领域四重]
items.js	2804	name	出云落月[领域五重]
items.js	2824	name	出云落月[领域六重]
items.js	2854	name	纳娜米
items.js	2875	name	纳娜米(飞船)
items.js	2895	name	纳娜米(冰原)
items.js	2916	name	结界湖之心
items.js	2937	name	飞船之心
items.js	2957	name	冰原之心
items.js	2977	name	幻境之心
items.js	3022	name	铁剑刃
items.js	3026	name_prefix	铁
items.js	3039	name	精钢剑刃
items.js	3043	name_prefix	精钢
items.js	3056	name	紫铜剑刃
items.js	3060	name_prefix	紫铜
items.js	3072	name	宝石剑刃
items.js	3076	name_prefix	宝石
items.js	3088	name	地宫剑刃
items.js	3092	name_prefix	地宫
items.js	3107	name	暗影剑刃
items.js	3111	name_prefix	暗影
items.js	3126	name	充能剑刃
items.js	3130	name_prefix	充能
items.js	3142	name	充能戟头
items.js	3162	name	脉冲剑刃
items.js	3166	name_prefix	脉冲
items.js	3178	name	脉冲戟头
items.js	3198	name	蓝金剑刃
items.js	3202	name_prefix	蓝金
items.js	3214	name	蓝金戟头
items.js	3234	name	海绿剑刃
items.js	3238	name_prefix	海绿
items.js	3250	name	海绿戟头
items.js	3270	name	红钢剑刃
items.js	3274	name_prefix	红钢
items.js	3286	name	红钢戟头
items.js	3305	name	秘银剑刃
items.js	3309	name_prefix	秘银
items.js	3321	name	秘银戟头
items.js	3340	name	旋律剑刃
items.js	3344	name_prefix	旋律
items.js	3352	name	旋律戟头
items.js	3366	name	冰髓剑刃
items.js	3370	name_prefix	冰髓
items.js	3378	name	冰髓戟头
items.js	3391	name	晶化剑刃
items.js	3395	name_prefix	晶化
items.js	3403	name	晶化戟头
items.js	3416	name	骨剑柄
items.js	3430	name	铜骨剑柄
items.js	3441	name	改良剑柄
items.js	3455	name	柳木剑柄
items.js	3472	name	水晶剑柄
items.js	3490	name	凝胶剑柄
items.js	3507	name	光暗剑柄
items.js	3526	name	凝胶轮芯
items.js	3537	name	秘银轮锋
items.js	3553	name	光暗轮芯
items.js	3567	name	旋律轮锋
items.js	3583	name	冰髓轮锋
items.js	3599	name	晶化轮锋
items.js	3615	name	水素轮锋
items.js	3619	name_prefix	水素
items.js	3632	name	虹彩轮芯
items.js	3646	name	破空轮芯
items.js	3660	name	血灵轮芯
items.js	3674	name	宝石轮锋
items.js	3690	name	魂晶轮锋
items.js	3694	name_prefix	魂晶
items.js	3706	name	盖亚轮锋
items.js	3710	name_prefix	盖亚
items.js	3722	name	远古轮锋
items.js	3726	name_prefix	远古
items.js	3738	name	源金轮锋
items.js	3742	name_prefix	源金
items.js	3754	name	红钨轮锋
items.js	3758	name_prefix	红钨
items.js	3774	?	铁剑
items.js	3780	?	铁剑·改
items.js	3786	?	精钢剑
items.js	3793	?	充能剑
items.js	3799	?	充能戟
items.js	3807	?	海绿剑
items.js	3813	?	海绿戟
items.js	3821	?	红钢剑
items.js	3827	?	红钢戟
items.js	3833	?	秘银月轮
items.js	3839	?	旋律剑
items.js	3845	?	旋律戟
items.js	3851	?	晶化剑
items.js	3857	?	晶化戟
items.js	3863	?	晶化月轮
items.js	3869	?	水素月轮
items.js	3875	?	宝石月轮
items.js	3881	?	魂晶月轮
items.js	3887	?	盖亚月轮
items.js	3893	?	远古月轮
items.js	3899	?	源金月轮
items.js	3909	name	粘合帽子
items.js	3917	name	粘合背心
items.js	3925	name	粘合裤子
items.js	3933	name	粘合袜子
items.js	3941	name	异兽帽子
items.js	3949	name	异兽背心
items.js	3957	name	异兽裤子
items.js	3965	name	异兽袜子
items.js	3972	name	活性帽子
items.js	3985	name	活性背心
items.js	3998	name	活性裤子
items.js	4011	name	活性袜子
items.js	4024	name	苇编帽子
items.js	4037	name	苇编背心
items.js	4050	name	苇编裤子
items.js	4063	name	苇编袜子
items.js	4077	name	高能帽子
items.js	4090	name	高能背心
items.js	4103	name	高能裤子
items.js	4116	name	高能袜子
items.js	4129	name	黑森帽子
items.js	4139	name	黑森背心
items.js	4149	name	黑森裤子
items.js	4160	name	黑森袜子
items.js	4171	name	极寒帽子
items.js	4181	name	极寒背心
items.js	4192	name	极寒裤子
items.js	4203	name	极寒袜子
items.js	4215	name	幻符帽子
items.js	4225	name	幻符背心
items.js	4236	name	幻符裤子
items.js	4247	name	幻符袜子
items.js	4261	name	密林帽子
items.js	4271	name	密林背心
items.js	4282	name	密林裤子
items.js	4293	name	密林袜子
items.js	4306	name	冰棉帽子
items.js	4321	name	冰棉背心
items.js	4336	name	冰棉裤子
items.js	4351	name	冰棉袜子
items.js	4369	name	铁制头盔
items.js	4378	name	铁制胸甲
items.js	4387	name	铁制腿甲
items.js	4396	name	铁制战靴
items.js	4405	name	紫铜头盔
items.js	4419	name	紫铜胸甲
items.js	4433	name	紫铜腿甲
items.js	4447	name	紫铜战靴
items.js	4461	name	地宫头盔
items.js	4475	name	地宫胸甲
items.js	4489	name	地宫腿甲
items.js	4503	name	地宫战靴
items.js	4517	name	充能头盔
items.js	4531	name	充能胸甲
items.js	4545	name	充能腿甲
items.js	4559	name	充能战靴
items.js	4574	name	脉冲头盔
items.js	4588	name	脉冲胸甲
items.js	4602	name	脉冲腿甲
items.js	4616	name	脉冲战靴
items.js	4632	name	海绿头盔
items.js	4646	name	海绿胸甲
items.js	4660	name	海绿腿甲
items.js	4674	name	海绿战靴
items.js	4690	name	秘银头盔
items.js	4704	name	秘银胸甲
items.js	4718	name	秘银腿甲
items.js	4732	name	秘银战靴
items.js	4748	name	冰髓头盔
items.js	4762	name	冰髓胸甲
items.js	4776	name	冰髓腿甲
items.js	4790	name	冰髓战靴
items.js	4805	name	水素头盔
items.js	4819	name	水素胸甲
items.js	4833	name	水素腿甲
items.js	4847	name	水素战靴
items.js	4862	name	魂晶头盔
items.js	4876	name	魂晶胸甲
items.js	4890	name	魂晶腿甲
items.js	4904	name	魂晶战靴
items.js	4919	name	远古头盔
items.js	4935	name	远古胸甲
items.js	4951	name	远古腿甲
items.js	4967	name	远古战靴
items.js	4984	name	红钨头盔
items.js	5000	name	红钨胸甲
items.js	5016	name	红钨腿甲
items.js	5032	name	红钨战靴
items.js	5058	name	铁锭
items.js	5066	name	精钢锭
items.js	5074	name	紫铜锭
items.js	5083	name	宝石锭
items.js	5091	name	地宫金属锭
items.js	5099	name	暗影钢锭
items.js	5109	name	活化柳木
items.js	5117	name	充能合金锭
items.js	5125	name	脉冲合金锭
items.js	5134	name	缠绕水晶
items.js	5143	name	蓝金锭
items.js	5151	name	海绿锭
items.js	5160	name	固态凝胶
items.js	5169	name	红钢锭
items.js	5179	name	秘银锭
items.js	5187	name	旋律合金锭
items.js	5195	name	万载冰髓锭
items.js	5203	name	光暗枝丫
items.js	5211	name	黑森织料
items.js	5219	name	峰
items.js	5228	name	结界湖之心·材
items.js	5236	name	飞船之心·材
items.js	5244	name	冰原之心·材
items.js	5252	name	晶化合金锭
items.js	5260	name	极寒织料
items.js	5268	name	冰块
items.js	5276	name	水素合金锭
items.js	5284	name	虹彩杖芯
items.js	5291	name	破空紫蕨
items.js	5298	name	宝石母锭
items.js	5306	name	魂晶锭
items.js	5313	name	冰家玉简
items.js	5320	name	盖亚合金锭
items.js	5328	name	远古合金锭
items.js	5336	name	密林织料
items.js	5343	name	古源金锭
items.js	5351	name	血灵骨棉
items.js	5358	name	红钨锭
items.js	5366	name	青冰棉
items.js	5376	name	紫铜矿
items.js	5383	name	煤炭
items.js	5390	name	百年柳木
items.js	5398	name	湖鲤鱼
items.js	5405	name	青花鱼
items.js	5414	name	冰柱鱼
items.js	5424	name	血莲鱼
items.js	5433	name	冰柱鱼王
items.js	5446	name	地图-藏宝地
items.js	5454	name	牵制-从入门到入土
items.js	5462	name	微花残片
items.js	5470	name	符文工作台套件
items.js	5478	name	极寒相变引擎
items.js	5486	name	冰宫商人
items.js	5495	name	牵制-从入门到精通
items.js	5506	name	微尘·凶兽肉排
items.js	5514	name	万物·凶兽肉排
items.js	5522	name	潮汐·凶兽肉排
items.js	5530	name	地宫恢复药水
items.js	5538	name	地宫狂暴药水
items.js	5546	name	地宫·荒兽肉排
items.js	5554	name	森林·荒兽肉排
items.js	5563	name	A9·魔攻药剂
items.js	5571	name	A9·牵制药剂
items.js	5579	name	A9·回风药剂
items.js	5587	name	A9·坚固药剂
items.js	5596	name	废墟恢复药水
items.js	5604	name	废墟狂暴药水
items.js	5614	name	战场·荒兽肉排
items.js	5624	name	超浓缩·坚固药剂
items.js	5633	name	血气升腾药剂
items.js	5642	name	能量冰沙
items.js	5651	name	沼泽·荒兽肉排
items.js	5662	name	B9·反戈药剂
items.js	5670	name	B9·灵闪药剂
items.js	5678	name	B9·散华药剂
items.js	5686	name	B9·异界药剂
items.js	5703	name	幻境·恢复精华
items.js	5711	name	幻境·狂暴精华
items.js	5719	name	草木之芯
items.js	5727	name	蘸酱烤肉
items.js	5735	name	灵红补给品
items.js	5743	name	灵蓝补给品
items.js	5751	name	燃血鲜花
items.js	5759	name	焚血花王
items.js	5771	name	粘合织料
items.js	5777	name	润灵铜骨
items.js	5783	name	活性织料
items.js	5789	name	湛蓝芦苇
items.js	5795	name	高能织料
items.js	5802	name	幻符织料
items.js	5808	name	绝音蕨
items.js	5814	name	噬芒兰
items.js	5825	name	初始黄宝石
items.js	5833	name	初始蓝宝石
items.js	5841	name	初始红宝石
items.js	5849	name	初始绿宝石
items.js	5857	name	高级黄宝石
items.js	5865	name	高级蓝宝石
items.js	5873	name	高级红宝石
items.js	5881	name	高级绿宝石
items.js	5889	name	极品黄宝石
items.js	5897	name	极品蓝宝石
items.js	5905	name	极品红宝石
items.js	5913	name	极品绿宝石
items.js	5921	name	殿堂黄宝石
items.js	5929	name	殿堂蓝宝石
items.js	5937	name	殿堂红宝石
items.js	5945	name	殿堂绿宝石
items.js	5953	name	史诗黄宝石
items.js	5961	name	史诗蓝宝石
items.js	5969	name	史诗红宝石
items.js	5977	name	史诗绿宝石
items.js	5985	name	传说黄宝石
items.js	5993	name	传说蓝宝石
items.js	6001	name	传说红宝石
items.js	6009	name	传说绿宝石
items.js	6017	name	血杀剑
items.js	6025	name	神话黄宝石
items.js	6033	name	神话蓝宝石
items.js	6041	name	神话红宝石
items.js	6049	name	神话绿宝石
items.js	6063	name	凝胶
items.js	6069	name	金属残片
items.js	6075	name	魔力碎晶
items.js	6081	name	飞蛾翅膀
items.js	6087	name	坚硬石块
items.js	6093	name	微尘·凶兽肉块
items.js	6099	name	骨头
items.js	6105	name	铜骨
items.js	6114	name	万物·凶兽肉块
items.js	6120	name	合金残片
items.js	6126	name	异兽皮
items.js	6134	name	毒液
items.js	6140	name	灵液
items.js	6146	name	天蚕丝
items.js	6152	name	潮汐·凶兽肉块
items.js	6160	name	大地级魂魄
items.js	6166	name	巨型眼球
items.js	6172	name	A1·能量核心
items.js	6178	name	断剑
items.js	6185	name	地宫·荒兽肉块
items.js	6191	name	霜炙皮草
items.js	6197	name	流动凝胶
items.js	6206	name	一丝荒兽森林感悟
items.js	6212	name	凝实荒兽森林感悟
items.js	6221	name	A4·能量核心
items.js	6227	name	森林·荒兽肉块
items.js	6233	name	甲壳碎片
items.js	6239	name	荒兽精华
items.js	6245	name	水溶精华
items.js	6251	name	秘境芦苇
items.js	6257	name	浅蓝晶粉
items.js	6265	name	A7·能量核心
items.js	6271	name	蓝金碎片
items.js	6277	name	透明水晶
items.js	6283	name	结界湖血肉
items.js	6289	name	废墟符文
items.js	6295	name	废墟精华
items.js	6301	name	高能凝胶
items.js	6307	name	战场·荒兽肉块
items.js	6313	name	B1·能量核心
items.js	6319	name	红黑印记
items.js	6325	name	雷电加护
items.js	6331	name	重甲残骸
items.js	6337	name	摩羽币
items.js	6343	name	进化结晶凝聚-一学就会
items.js	6349	name	初等进化结晶
items.js	6358	name	中等进化结晶
items.js	6367	name	中等进化结晶碎片
items.js	6376	name	一捆高能凝胶
items.js	6382	name	一捆B1·能量核心
items.js	6388	name	B6·飞船核心
items.js	6395	name	荒兽凭证
items.js	6401	name	沼泽·荒兽肉块
items.js	6407	name	荧光精华
items.js	6413	name	沼泽兽油
items.js	6420	name	天空兽角
items.js	6426	name	B4·能量核心
items.js	6432	name	黑白枝丫
items.js	6438	name	黑森叶片
items.js	6445	name	多孔冰晶
items.js	6451	name	冰原超流体
items.js	6457	name	玄冰果实
items.js	6464	name	镶晶盾牌
items.js	6470	name	冰宫鳞片
items.js	6476	name	光环杖芯
items.js	6483	name	B7·能量核心
items.js	6489	name	虹彩凝胶
items.js	6495	name	水素晶体
items.js	6502	name	传承水晶·橙
items.js	6508	name	传承水晶·白
items.js	6514	name	传承水晶·绿
items.js	6520	name	传承水晶·蓝
items.js	6526	name	传承水晶·粉
items.js	6533	name	天空级魂魄
items.js	6539	name	紫晶碎片
items.js	6545	name	幻境符文
items.js	6551	name	引力反常
items.js	6558	name	城门之星
items.js	6564	name	C1·能量核心
items.js	6570	name	力场发生器
items.js	6577	name	远古碎片
items.js	6583	name	血灵液
items.js	6589	name	云霄宝肉
items.js	6596	name	云霄级魂魄
items.js	6602	name	琥珀金骨
items.js	6608	name	爆燃粉末
items.js	6615	name	残破兽铠
items.js	6621	name	魔力布匹
items.js	6627	name	极冰骨髓
items.js	6653	name	玄冰果实·觉醒
items.js	6667	name	铜板
items.js	6673	name	大铜板
items.js	6679	name	五彩凝胶
items.js	6685	name	银钱
items.js	6691	name	红色刀币
items.js	6697	name	黑色刀币
items.js	6703	name	一捆黑币
items.js	6709	name	绿色刀币
items.js	6715	name	紫色刀币
items.js	6721	name	宇宙币
items.js	6727	name	宇宙币堆
items.js	6733	name	宇宙币山
locations.js	252	?	试图再次击杀
locations.js	322	?	试图在 
locations.js	322	?	 中生成未定义的敌人 [
locations.js	420	?	召唤了 3x 紫锈胎人
locations.js	939	name	纳家大厅
locations.js	942	custom_text	返回大厅
locations.js	949	name	练兵场深处
locations.js	957	custom_text	前往大厅
locations.js	959	name	纳可的房间
locations.js	963	text	睡一会
locations.js	967	use_text	前往工作台
locations.js	1013	name	纳家练兵场 - 1
locations.js	1037	name	纳家练兵场 - 2
locations.js	1061	name	纳家练兵场 - 3
locations.js	1082	name	纳家练兵场 - 4
locations.js	1104	name	纳家练兵场 - 5
locations.js	1126	name	纳家练兵场 - 6
locations.js	1152	name	纳家练兵场 - 7
locations.js	1172	name	纳家练兵场 - X
locations.js	1173	leave_text	听话离去
locations.js	1193	custom_text	前往挑战门边的待从
locations.js	1199	custom_text	回到纳家
locations.js	1207	name	燕岗城
locations.js	1219	name	燕岗城 - 1
locations.js	1244	name	燕岗城 - 2
locations.js	1263	name	燕岗城 - 秘法石碑
locations.js	1264	leave_text	暂时退避
locations.js	1284	name	燕岗城 - 3
locations.js	1307	name	燕岗城 - 4
locations.js	1330	name	燕岗城 - 5
locations.js	1350	name	燕岗城 - X
locations.js	1351	leave_text	暂时返回
locations.js	1365	custom_text	与城门下的石精战斗
locations.js	1370	custom_text	回城
locations.js	1377	name	燕岗近郊
locations.js	1390	name	燕岗近郊 - 0
locations.js	1407	name	燕岗近郊 - 1
locations.js	1428	name	燕岗近郊 - 2
locations.js	1449	name	燕岗近郊 - 3
locations.js	1470	name	燕岗近郊 - 4
locations.js	1491	name	燕岗近郊 - 5
locations.js	1513	name	燕岗近郊 - 6
locations.js	1537	name	燕岗近郊 - X
locations.js	1547	custom_text	与百兰战斗
locations.js	1554	custom_text	强行进入地宫
locations.js	1559	custom_text	回到藏宝图的路线上
locations.js	1564	name	郊区河流
locations.js	1588	name	燕岗矿井
locations.js	1596	custom_text	离开地宫
locations.js	1602	name	地宫入口
locations.js	1613	name	地宫 - 看门人
locations.js	1615	leave_text	离开这个是非之地
locations.js	1622	custom_text	回到入口处
locations.js	1627	name	地宫浅层
locations.js	1633	custom_text	与大地级三阶敌人抢夺宝石
locations.js	1641	name	地宫 - 1
locations.js	1661	name	地宫 - 2
locations.js	1683	name	地宫 - 3
locations.js	1704	name	地宫 - 4
locations.js	1727	name	地宫 - X
locations.js	1744	name	地宫 - 石壁
locations.js	1756	custom_text	清理石壁周围的二阶荒兽
locations.js	1757	custom_text	与荒兽头目交战
locations.js	1762	custom_text	回到浅层处
locations.js	1766	name	地宫深层
locations.js	1778	name	地宫核心 - 1
locations.js	1798	name	地宫核心 - 2
locations.js	1818	name	地宫核心 - 3
locations.js	1838	name	地宫核心 - 4
locations.js	1858	name	地宫核心 - 5
locations.js	1878	name	地宫核心 - 6
locations.js	1899	name	地宫核心 - 悬空平台
locations.js	1901	leave_text	退避三舍
locations.js	1913	name	地宫核心 - 光幕
locations.js	1915	leave_text	回去练练再来挑战
locations.js	1922	custom_text	回到地宫的荒兽海中
locations.js	1929	text	就地休整
locations.js	1943	name	光幕空间
locations.js	1954	name	地宫核心 - X
locations.js	1957	leave_text	迅速逃离
locations.js	1975	custom_text	向地宫养殖者发起挑战
locations.js	1980	custom_text	回到地宫
locations.js	1980	custom_text	快速旅行 - 第一幕
locations.js	1984	name	荒兽森林营地
locations.js	1991	custom_text	快速旅行 - 第二幕
locations.js	1994	custom_text	回到营地
locations.js	1997	name	荒兽森林
locations.js	2012	name	荒兽森林 - 1
locations.js	2032	name	荒兽森林 - 2
locations.js	2053	name	荒兽森林 - 3
locations.js	2074	name	荒兽森林 - 4
locations.js	2095	name	荒兽森林 - X
locations.js	2111	name	荒兽森林 - XL
locations.js	2124	custom_text	与百家近卫战斗
locations.js	2125	custom_text	与百方战斗
locations.js	2133	name	清野江畔
locations.js	2145	name	清野江畔 - 1
locations.js	2165	name	清野江畔 - 2
locations.js	2186	name	清野江畔 - 3
locations.js	2208	name	清野江畔 - 4
locations.js	2230	name	清野江畔 - 歧路
locations.js	2244	name	清野江畔 - 瀑布
locations.js	2259	name	清野江畔 - X
locations.js	2273	custom_text	与挡路的大门派杂役战斗
locations.js	2278	custom_text	回到江畔区域历练
locations.js	2297	name	纳家秘境
locations.js	2304	custom_text	回到休息区修整
locations.js	2308	name	纳家秘境 - 战斗区
locations.js	2323	name	纳家秘境 - 1
locations.js	2343	name	纳家秘境 - 2
locations.js	2363	name	纳家秘境 - 3
locations.js	2383	name	纳家秘境 - 4
locations.js	2403	name	纳家秘境 - 5
locations.js	2425	name	纳家秘境 - ∞
locations.js	2444	name	纳家秘境 - X
locations.js	2461	custom_text	挑战秘境的守护灵
locations.js	2466	custom_text	回到家族秘境里
locations.js	2470	name	结界湖
locations.js	2481	name	结界湖 - 1
locations.js	2502	name	结界湖 - 2
locations.js	2522	name	结界湖 - 3
locations.js	2542	name	结界湖 - 4
locations.js	2562	name	结界湖 - 5
locations.js	2583	name	结界湖 - X
locations.js	2602	custom_text	挑战结界湖最深处的“灵”
locations.js	2607	custom_text	赶路回到家族秘境
locations.js	2612	name	声律城废墟
locations.js	2624	name	声律城废墟 - 1
locations.js	2644	name	声律城废墟 - 2
locations.js	2664	name	声律城废墟 - 3
locations.js	2684	name	声律城废墟 - 4
locations.js	2704	name	声律城废墟 - 5
locations.js	2725	name	声律城废墟 - X
locations.js	2743	custom_text	返回声律城中
locations.js	2746	name	声律城战场
locations.js	2754	custom_text	回到废墟中战斗
locations.js	2756	name	符文之屋
locations.js	2788	name	声律城战场 - 1
locations.js	2808	name	声律城战场 - 2
locations.js	2828	name	声律城战场 - 3
locations.js	2848	name	声律城战场 - 4
locations.js	2868	name	声律城战场 - 5
locations.js	2891	name	声律城战场 - X
locations.js	2906	custom_text	挑战蓝色的庞然大物
locations.js	2908	custom_text	暂且离开这艘飞船
locations.js	2910	name	天外飞船
locations.js	2926	name	天外飞船 - 1
locations.js	2945	name	天外飞船 - 2
locations.js	2965	name	天外飞船 - 3
locations.js	2984	name	天外飞船 - 4
locations.js	3004	name	天外飞船 - 5
locations.js	3025	name	天外飞船 - 右上房间
locations.js	3041	name	天外飞船 - 歧路
locations.js	3058	name	天外飞船 - X
locations.js	3077	custom_text	暂且离开核心区域
locations.js	3079	name	飞船核心
locations.js	3093	name	飞船核心 - 1
locations.js	3112	name	飞船核心 - 2
locations.js	3131	name	飞船核心 - 3
locations.js	3150	name	飞船核心 - 4
locations.js	3169	name	飞船核心 - 5
locations.js	3189	name	飞船核心 - 左上房间
locations.js	3204	name	飞船核心 - 下方房间
locations.js	3213	custom_text	回到飞船核心
locations.js	3215	name	飞船宿舍
locations.js	3244	name	飞船核心 - X
locations.js	3263	custom_text	返回飞船核心区域
locations.js	3266	name	赫尔沼泽入口
locations.js	3273	custom_text	快速旅行 - 第三幕
locations.js	3275	custom_text	回到沼泽中的安全区域
locations.js	3277	name	赫尔沼泽
locations.js	3287	name	赫尔沼泽 - 1
locations.js	3306	name	赫尔沼泽 - 2
locations.js	3325	name	赫尔沼泽 - 3
locations.js	3344	name	赫尔沼泽 - 4
locations.js	3365	name	赫尔沼泽 - X
locations.js	3380	custom_text	回到赫尔沼泽
locations.js	3382	name	黑暗森林
locations.js	3398	name	黑暗森林 - 1
locations.js	3417	name	黑暗森林 - 2
locations.js	3436	name	黑暗森林 - 3
locations.js	3455	name	黑暗森林 - 4
locations.js	3475	name	黑暗森林 - 歧路
locations.js	3492	name	黑暗森林 - X
locations.js	3511	custom_text	回到黑暗森林
locations.js	3513	name	飞云阁
locations.js	3539	custom_text	回到飞云阁
locations.js	3541	name	纯白冰原
locations.js	3558	name	纯白冰原 - 1
locations.js	3576	name	纯白冰原 - 2
locations.js	3594	name	纯白冰原 - 3
locations.js	3612	name	纯白冰原 - 4
locations.js	3632	name	纯白冰原 - 冰霜门户
locations.js	3649	name	纯白冰原 - X
locations.js	3666	name	纯白冰原 - XS
locations.js	3680	custom_text	前往挑战冰宫守卫[旧]
locations.js	3681	custom_text	前往挑战冰宫守卫
locations.js	3684	custom_text	前往【极寒冰宫】
locations.js	3686	name	极寒冰城
locations.js	3692	custom_text	回到纯白冰原
locations.js	3694	name	极寒冰宫
locations.js	3709	name	极寒冰宫 - 1
locations.js	3727	name	极寒冰宫 - 2
locations.js	3744	name	极寒冰宫 - 3
locations.js	3761	name	极寒冰宫 - 4
locations.js	3782	name	极寒冰宫 - X
locations.js	3796	custom_text	回到极寒冰宫
locations.js	3798	name	时封水牢
locations.js	3815	name	时封水牢 - I
locations.js	3830	name	时封水牢 - II
locations.js	3845	name	时封水牢 - 1
locations.js	3863	name	时封水牢 - 2
locations.js	3881	name	时封水牢 - 3
locations.js	3903	custom_text	回到水牢中战斗
locations.js	3905	name	水牢洞府
locations.js	3932	custom_text	回到时封水牢
locations.js	3934	name	水牢深处
locations.js	3947	name	时封水牢 - 4
locations.js	3965	name	时封水牢 - 5
locations.js	3985	name	时封水牢 - 6
locations.js	4007	name	时封水牢 - III
locations.js	4023	name	时封水牢 - IV
locations.js	4038	name	时封水牢 - X
locations.js	4059	name	水牢走廊
locations.js	4071	name	传承幻境
locations.js	4084	name	传承幻境 - 1
locations.js	4102	name	传承幻境 - 2
locations.js	4120	name	传承幻境 - 3
locations.js	4139	name	传承幻境 - 4
locations.js	4165	name	传承幻境 - 水晶空间
locations.js	4198	name	传承幻境 - X
locations.js	4209	custom_text	回到传承幻境
locations.js	4211	name	幻境核心·地宫
locations.js	4224	name	幻境核心 - 1
locations.js	4244	name	幻境核心 - I
locations.js	4257	custom_text	回到一重幻境
locations.js	4259	name	幻境核心·结界湖
locations.js	4273	name	幻境核心 - 2
locations.js	4291	custom_text	回到二重幻境
locations.js	4293	name	幻境核心·战场
locations.js	4307	name	幻境核心 - 3
locations.js	4328	name	幻境核心 - II
locations.js	4339	custom_text	回到三重幻境
locations.js	4341	name	幻境核心·飞船
locations.js	4356	name	幻境核心 - 4
locations.js	4376	name	幻境核心 - 歧路
locations.js	4391	name	幻境核心 - III
locations.js	4404	custom_text	回到四重幻境
locations.js	4406	name	幻境核心·森林
locations.js	4422	name	幻境核心 - 5
locations.js	4442	name	幻境核心 - IV
locations.js	4454	custom_text	回到五重幻境
locations.js	4457	name	幻境核心·现世
locations.js	4487	name	幻境核心 - 6
locations.js	4507	name	幻境核心·决战
locations.js	4524	name	幻境核心 - B1
locations.js	4538	name	幻境核心 - B2
locations.js	4552	name	幻境核心 - B3
locations.js	4566	name	幻境核心 - X
locations.js	4574	custom_text	挑战心之灵·禁锢
locations.js	4575	custom_text	挑战心之灵·滋生
locations.js	4576	custom_text	挑战心之灵·暴走
locations.js	4582	custom_text	回到六重幻境
locations.js	4584	name	幻境核心·出口
locations.js	4590	custom_text	离开决战之地
locations.js	4593	custom_text	回到幻境核心
locations.js	4595	name	纳家宝库
locations.js	4608	name	纳家宝库 - X
locations.js	4617	custom_text	快速旅行 - 第四幕
locations.js	4619	custom_text	回到纳家宝库
locations.js	4621	name	狩猎大赛·城门战
locations.js	4635	name	城门战 - 1
locations.js	4654	name	城门战 - 2
locations.js	4673	name	城门战 - 3
locations.js	4694	name	城门战 - 歧路
locations.js	4709	name	城门战 - X
locations.js	4725	custom_text	回到城门前
locations.js	4727	name	狩猎大赛·密林战
locations.js	4737	custom_text	回到战斗区
locations.js	4739	name	狩猎大赛·补给点
locations.js	4770	name	密林战 - 1
locations.js	4792	name	密林战 - 2
locations.js	4813	name	密林战 - 3
locations.js	4833	name	密林战 - 4
locations.js	4856	name	密林战 - X
locations.js	4873	custom_text	回到密林中
locations.js	4875	name	狩猎大赛·古墓战
locations.js	4890	name	古墓战 - 1
locations.js	4910	name	古墓战 - 2
locations.js	4931	name	古墓战 - 3
locations.js	4951	name	古墓战 - 4
locations.js	4973	name	古墓战 - I
locations.js	4988	name	古墓战 - II
locations.js	5002	name	古墓战 - X
locations.js	5019	custom_text	回到古墓中
locations.js	5021	name	毬毬山谷
locations.js	5032	name	山谷秘境
locations.js	5061	name	毬毬山谷 - 1
locations.js	5080	name	毬毬山谷 - 2
locations.js	5100	name	毬毬山谷 - 3
locations.js	5121	name	毬毬山谷 - 4
locations.js	5142	name	毬毬山谷 - 歧路
locations.js	5163	name	毬毬山谷 - X
locations.js	5173	custom_text	回到毬毬山谷
locations.js	5175	name	鲜血峰
locations.js	5703	starting_text	在郊区尽情地跑步
locations.js	5710	starting_text	在河中练习游泳
locations.js	5731	starting_text	挖掘部分紫铜矿石
locations.js	5745	starting_text	挖掘煤矿石
locations.js	5760	starting_text	偷偷用镐子挖出宝石
locations.js	5778	starting_text	在荒兽森林中砍伐柳木
locations.js	5801	starting_text	用镐子破坏光环
locations.js	5820	starting_text	在结界湖中垂钓
locations.js	5940	starting_text	砍伐密林的云霄一阶树妖
main.js	84	?	微尘级初级
main.js	85	?	微尘级中级
main.js	86	?	微尘级高级
main.js	87	?	万物级初等
main.js	88	?	万物级高等
main.js	89	?	万物级巅峰
main.js	90	?	潮汐级初等
main.js	91	?	潮汐级高等
main.js	92	?	潮汐级巅峰
main.js	94	?	大地级一阶
main.js	95	?	大地级二阶
main.js	96	?	大地级三阶
main.js	97	?	大地级四阶
main.js	98	?	大地级五阶
main.js	99	?	大地级六阶
main.js	100	?	大地级七阶
main.js	101	?	大地级八阶
main.js	102	?	大地级巅峰
main.js	103	?	大地级破限
main.js	105	?	天空级一阶
main.js	106	?	天空级二阶
main.js	107	?	天空级三阶
main.js	108	?	天空级四阶
main.js	109	?	天空级五阶
main.js	110	?	天空级六阶
main.js	111	?	天空级七阶
main.js	112	?	天空级八阶
main.js	113	?	天空级巅峰
main.js	114	?	天空级破限
main.js	115	?	云霄级一阶
main.js	116	?	云霄级二阶
main.js	117	?	云霄级三阶
main.js	118	?	云霄级四阶
main.js	119	?	云霄级五阶
main.js	120	?	云霄级六阶
main.js	121	?	云霄级七阶
main.js	122	?	云霄级八阶
main.js	123	?	云霄级巅峰
main.js	397	?	播放失败:
main.js	598	?	挖矿
main.js	835	?	如今也算是历经了
main.js	931	?	生命恢复 1%
main.js	931	?	生命上限 x 1.5
main.js	948	?	0-23点
main.js	948	?	23-45点
main.js	948	?	45-67点
main.js	948	?	67-90点
main.js	948	?	90-113点
main.js	948	?	113-135点
main.js	948	?	135-157点
main.js	948	?	157-180点
main.js	949	?	生命上限 x 1.8
main.js	949	?	生命恢复 1.5%
main.js	949	?	攻击伤害 x 1.2
main.js	949	?	攻击速度 x 1.15
main.js	949	?	牵制 [80% 效力]
main.js	949	?	魔攻 [20% 占比]
main.js	949	?	回风 [80% 倍率]
main.js	949	?	坚固 [8% 吸收线]
main.js	983	?	皎月祝福·
main.js	1016	?	乾
main.js	1016	?	兑
main.js	1016	?	离
main.js	1016	?	震
main.js	1016	?	巽
main.js	1016	?	坎
main.js	1016	?	艮
main.js	1016	?	坤
main.js	1019	?	烈日祝福·
main.js	1069	?	获取了 结界湖之心·材
main.js	1083	?	获取了 冰原之心·材
main.js	1167	?	抽奖结果：<br>
main.js	1203	?	一
main.js	1203	?	二
main.js	1204	?	手里的那把剑
main.js	1204	?	手里的那把三叉戟
main.js	1557	?	[魔攻]
main.js	1558	?	[牵制]
main.js	1559	?	[撕裂]
main.js	1560	?	[衰弱]
main.js	1561	?	[反转]
main.js	1562	?	[回风]
main.js	1563	?	[执着]
main.js	1564	?	[贪婪]
main.js	1565	?	[分裂]
main.js	1566	?	[柔骨]
main.js	1567	?	[贪婪·宝石]
main.js	1568	?	[压制]
main.js	1570	?	[生命限制]
main.js	1571	?	[贪婪·改]
main.js	1576	?	[迅捷]
main.js	1580	?	[疾走]
main.js	1586	?	[飓风]
main.js	1592	?	[绝世]
main.js	1598	?	[追光]
main.js	1606	?	[冰凌剑]
main.js	1621	?	[冻伤]
main.js	1647	?	[时封]
main.js	1651	?	[异界之门]
main.js	1657	?	[惑幻]
main.js	1663	?	[斩阵·起]
main.js	1667	?	[斩阵·承]
main.js	1671	?	[斩阵·终]
main.js	1678	?	[圣阵·一元]
main.js	1682	?	[圣阵·两仪]
main.js	1686	?	[圣阵·三相]
main.js	1690	?	[天剑]
main.js	1693	?	[自爆]
main.js	1700	?	[冰符咒]
main.js	1706	?	[2连击]
main.js	1710	?	[3连击]
main.js	1719	?	[${cnt}连击]
main.js	1800	?	[回风-弱]
main.js	1802	?	[回风-强]
main.js	1808	?	[映星天彩·双虹]
main.js	1958	?	[血杀·正]
main.js	1962	?	[血杀·逆]
main.js	1980	?	[灵体·免疫]
main.js	1982	?	[灵体]
main.js	1990	?	在剩余 
main.js	1991	?	造成了 
main.js	1994	?	 被炸晕了
main.js	2025	?	 受到了
main.js	2025	?	点伤害[激光]
main.js	2028	?	 被激光击败
main.js	2037	?	[灵闪·正]
main.js	2040	?	[灵闪·逆]
main.js	2045	?	[散华^1/2]
main.js	2064	?	 闪避了一次攻击
main.js	2107	?	[凌弱·免疫]
main.js	2112	?	[凌弱]
main.js	2121	?	 受到了 
main.js	2121	?	 伤害[暴击]
main.js	2123	?	  伤害
main.js	2132	?	 恢复了 
main.js	2132	?	 点血量
main.js	2141	?	 失败了
main.js	2144	?	 点反弹伤害
main.js	2163	?	微
main.js	2169	?	潮
main.js	2172	?	大
main.js	2175	?	天
main.js	2178	?	云
main.js	2181	?	领
main.js	2184	?	世
main.js	2189	?	初
main.js	2192	?	中
main.js	2195	?	高
main.js	2198	?	巅
main.js	2207	?	三
main.js	2210	?	四
main.js	2213	?	五
main.js	2216	?	六
main.js	2219	?	七
main.js	2222	?	八
main.js	2330	?	[灵闪·免疫]
main.js	2333	?	[灵闪]
main.js	2340	?	[散华]
main.js	2353	?	[硬化]
main.js	2355	?	[硬化·免疫]
main.js	2406	?	[魔攻·祝福]
main.js	2416	?	[牵制·祝福]
main.js	2434	?	[坚固·削弱]
main.js	2438	?	[坚固]
main.js	2465	?	 伤害
main.js	2493	?	(越级+
main.js	2494	?	(压级-
main.js	2499	?	 经验值
main.js	2659	?	受到了
main.js	2659	?	点伤害[反戈]
main.js	2663	?	 被反伤击败
main.js	2677	?	点伤害[阻击]
main.js	2678	?	 被阻击击败
main.js	2680	?	 未命中
main.js	2685	?	点伤害[领域]
main.js	2686	?	 被领域击败
main.js	2871	?	瓶颈
main.js	2887	?	获取了 星解之术
main.js	2913	?	解锁了 [废墟商人]
main.js	2930	?	幻境核心 - B
main.js	3326	?	试做了
main.js	3585	?	攻击上升了 
main.js	3602	?	防御上升了 
main.js	3619	?	敏捷上升了 
main.js	3636	?	生命上限上升了 
main.js	3944	?	手动保存游戏
main.js	3951	?	已阻止生成不安全的存档
main.js	4837	?	水牢
main.js	5218	?	{"id":"绝音蕨"}
main.js	5298	?	编号为
main.js	5298	?	的鱼已经被生成
main.js	5339	?	的鱼已经被销毁
main.js	5360	?	 个 
main.js	5464	?	消耗:
main.js	5464	?	临界度:
main.js	5574	?	提取了 多孔冰晶 * 
main.js	5606	?	反应堆内部的凝胶不足
main.js	5621	?	反应堆内部的原能不足
main.js	5699	?	未放入
main.js	5706	0	摸鱼ing
main.js	5706	1	压缩内部气体
main.js	5706	2	内部气体自由膨胀
main.js	5706	3	向内部充入气体
main.js	5706	4	释放内部气体
main.js	5755	?	秒
main.js	5756	?	分钟
main.js	5757	?	小时
main.js	5759	?	年
main.js	6043	?	领域级一阶
main.js	6465	?	 失血过多而昏迷
misc.js	35	?	攻击速度
misc.js	37	?	暴击概率
misc.js	38	?	暴击伤害
skills.js	29	?	万
skills.js	29	?	亿
skills.js	29	?	兆
skills.js	29	?	京
skills.js	29	?	垓
skills.js	29	?	秭
skills.js	29	?	穣
skills.js	29	?	沟
skills.js	29	?	涧
skills.js	29	?	正
skills.js	29	?	载
skills.js	29	?	极
skills.js	409	?	全部
skills.js	409	?	等级
skills.js	409	?	技能
skills.js	448	0	战斗
skills.js	516	0	赤手空拳
skills.js	516	10	拳法
skills.js	516	20	武术
skills.js	530	0	秘法入门
skills.js	530	30	秘法精通
skills.js	607	0	融血术
skills.js	619	1	三月断宵·小成
skills.js	619	2	三月断宵·大成
skills.js	619	3	三月断宵·圆满
skills.js	627	?	增加基础经验获取量
skills.js	651	1	星解之术·小成
skills.js	651	2	星解之术·精通
skills.js	651	3	星解之术·大成
skills.js	651	4	星解之术·圆满
skills.js	693	1	映星紫华·小成
skills.js	693	2	映星紫华·精通
skills.js	693	3	映星紫华·大成
skills.js	693	4	映星紫华·圆满
skills.js	734	45	[出云落月[领域五重]
skills.js	767	0	水无心
skills.js	767	10	水无心·小成
skills.js	767	20	水无心·大成
skills.js	767	30	水无心·圆满
skills.js	779	0	映星花
skills.js	779	10	映星花·精通
skills.js	779	20	映星花·小成
skills.js	779	30	映星花·大成
skills.js	779	40	映星花·圆满
skills.js	791	0	映星天彩
skills.js	791	10	映星天彩·入门
skills.js	791	20	映星天彩·精通
skills.js	791	30	映星天彩·小成
skills.js	791	40	映星天彩·大成
skills.js	791	50	映星天彩·圆满
skills.js	855	0	夜视
skills.js	892	0	威压抗性
skills.js	937	0	存在感应
skills.js	996	0	毒液抗性
skills.js	996	10	毒液抗性·精通
skills.js	996	20	毒液抗性·圆满
skills.js	1063	0	武器熟练
skills.js	1063	15	武器精通
skills.js	1073	0	剑术
skills.js	1125	0	戟术
skills.js	1159	0	银霜月轮·未入门
skills.js	1159	20	银霜月轮·一重
skills.js	1159	40	银霜月轮·二重
skills.js	1159	60	银霜月轮·三重
skills.js	1159	80	银霜月轮·四重
skills.js	1159	100	银霜月轮·五重
skills.js	1159	120	银霜月轮·圆满
skills.js	1449	0	睡眠
skills.js	1449	10	冥想
skills.js	1449	25	修炼
skills.js	1449	50	时间跳跃
skills.js	1574	0	跑步
skills.js	1574	20	神行术
skills.js	1574	40	瞬间移动
skills.js	1641	0	游泳
skills.js	1641	20	水中窜
skills.js	1641	40	水遁
skills.js	1715	0	水元素亲和
skills.js	1715	10	水元素精通
skills.js	1735	0	收割
skills.js	1735	10	收割·精通
skills.js	1735	20	收割·大师
skills.js	1754	0	钻探
skills.js	1754	10	钻探·精通
skills.js	1754	20	钻探·大师
skills.js	1980	0	砍伐
skills.js	1989	0	钓鱼
skills.js	2004	0	挖掘
skills.js	2036	0	合成
skills.js	2048	0	熔炼
skills.js	2057	0	锻造
skills.js	2069	0	烹饪
skills.js	2078	0	炼金
skills.js	2092	0	坚韧皮肤
skills.js	2092	5	铁制皮肤
skills.js	2092	10	精钢皮肤
skills.js	2092	15	紫铜皮肤
skills.js	2092	20	地宫皮肤
skills.js	2092	25	充能皮肤
skills.js	2092	30	脉冲皮肤
skills.js	2092	35	海绿皮肤
skills.js	2092	40	红钢皮肤
skills.js	2092	45	秘银皮肤
skills.js	2092	50	旋律皮肤
skills.js	2092	55	冰髓皮肤
skills.js	2092	60	晶化皮肤
skills.js	2092	65	水素皮肤
skills.js	2092	70	宝石皮肤
skills.js	2092	75	魂晶皮肤
skills.js	2092	80	盖亚皮肤
skills.js	2092	85	远古皮肤
skills.js	2092	90	源金皮肤
skills.js	2154	0	讨价还价
skills.js	2154	15	精通·讨价还价
skills.js	2154	35	大师·讨价还价
skills.js	2154	50	传奇·讨价还价
skills.js	2154	75	超凡·讨价还价
traders.js	204	name	自动售货机
traders.js	211	name	燕岗杂货铺
traders.js	219	name	矿井集市
traders.js	227	name	金属批发商
traders.js	235	name	营地商铺
traders.js	251	name	废墟商人
traders.js	259	name	飞船集市
traders.js	267	name	百宝楼
traders.js	294	name	声望商人
traders.js	303	name	声望商人·二代
traders.js	312	name	物品存储箱
