微尘级初级	
微尘级中级	
微尘级高级	
万物级初等	
万物级高等	
万物级巅峰	
潮汐级初等	
潮汐级高等	
潮汐级巅峰	
大地级二阶	
大地级三阶	
大地级四阶	
大地级五阶	
大地级六阶	
大地级七阶	
大地级八阶	
大地级巅峰	
大地级破限	
天空级二阶	
天空级三阶	
天空级四阶	
天空级五阶	
天空级六阶	
天空级七阶	
天空级八阶	
天空级巅峰	
天空级破限	
云霄级二阶	
云霄级三阶	
云霄级四阶	
云霄级五阶	
云霄级六阶	
云霄级七阶	
云霄级八阶	
云霄级巅峰	
播放失败:	
挖矿	
水元素感应	
如今也算是历经了	
新月	
蛾眉月	
上弦月	
盈凸月	
满月	
亏凸月	
下弦月	
残月	
生命恢复 1%	
生命上限 x 1.5	
暴击伤害 x 1.6	
普攻倍率 x 1.4	
攻击力 x 1.1	
防御力 x 1.2	
敏捷 x 1.2	
速度 x 1.1	
0-23点	
23-45点	
45-67点	
67-90点	
90-113点	
113-135点	
135-157点	
157-180点	
生命上限 x 1.8	
生命恢复 1.5%	
攻击伤害 x 1.2	
攻击速度 x 1.15	
牵制 [80% 效力]	
魔攻 [20% 占比]	
回风 [80% 倍率]	
坚固 [8% 吸收线]	
皎月祝福·	
乾	
兑	
离	
震	
巽	
坎	
艮	
坤	
烈日祝福·	
获取了 结界湖之心·材	
获取了 冰原之心·材	
古墓战 - II	
秘银月轮	
{\"id\":\"峰\"}	
晶化剑	
[魔攻]	
[牵制]	
[撕裂]	
[衰弱]	
[反转]	
[回风]	
[执着]	
[贪婪]	
[分裂]	
[柔骨]	
[贪婪·宝石]	
[压制]	
[压制..?]	
[生命限制]	
[贪婪·改]	
[迅捷]	
[疾走]	
[飓风]	
[绝世]	
[追光]	
[冰凌剑]	
[冻伤]	
[时封]	
[异界之门]	
[惑幻]	
[斩阵·起]	
[斩阵·承]	
[斩阵·终]	
[圣阵·一元]	
[圣阵·两仪]	
[圣阵·三相]	
[天剑]	
[自爆]	
[冰符咒]	
[2连击]	
[3连击]	
魔攻 A9	
烈日祝福·坎	
[魔攻·祝福]	
牵制 A9	
烈日祝福·巽	
[牵制·祝福]	
异界之门 B9	
[坚固·削弱]	
[坚固]	
 受到了 	
 伤害[暴击]	
 伤害	
(越级+	
(压级-	
 被打败,获取 	
 经验值	
迟缓	
死线	
地宫养殖者[BOSS]	
舰船中枢B6[BOSS]	
左阿(垂死)[BOSS]	
幻境核心 - B1	
幻境核心 - B2	
幻境核心 - B3	
受到了	
点伤害[反戈]	
 被反伤击败	
 未命中,并受到了	
点伤害[阻击]	
 被阻击击败	
 未命中	
点伤害[领域]	
 被领域击败	
获取了 星解之术	
废墟商人	
解锁了 [废墟商人]	
幻境核心 - B	
荒兽森林 - 1	
纳家练兵场 - 1	
手动保存游戏	
已阻止生成不安全的存档	
水牢	
成功!已获取【噬芒兰】*1.	
{"id":"绝音蕨"}	
编号为	
的鱼已经被生成	
的鱼已经被销毁	
消耗:	
临界度:	
辐射	
提取了 多孔冰晶 * 	
反应堆内部的凝胶不足	
获取了 凝胶剑柄 (品质 	
反应堆内部的原能不足	
未放入	
摸鱼ing	
压缩内部气体	
内部气体自由膨胀	
向内部充入气体	
释放内部气体	
分钟	
小时	
天	
年	
古墓战 - 2	
古墓战 - I	
领域级一阶	
{"id":"冰家玉简"}	
灵感	
