万	
亿	
兆	
京	
垓	
秭	
穣	
沟	
涧	
正	
载	
极	
剑	
三叉戟	
月轮	
镐子	
斧子	
镰刀	
等级	
前往 [	
进入 [	
回到 	
进入 	
纳家秘境 - ∞	
黑暗	
光环	
威压	
轮芯	
轮锋	
[制作最大]	
死线	
燕岗领排名: 	
无效果	
导出	
水元素感应	
睡觉...	
起床	
行动	
角色	
战斗	
收集	
魔攻	
坚固	
迅捷	
2连击	
疾走	
牵制	
3连击	
撕裂	
衰弱	
反转	
回风	
时封	
惑幻	
斩阵	
异界之门	
飓风	
执着	
贪婪	
同调	
天剑	
灵体	
绝世	
灵闪	
饮剑	
饮盾	
分裂	
柔骨	
肤·免疫	
阻击	
净化	
回春	
反戈	
连击	
凌弱	
自爆	
散华	
冰符咒	
贪婪·宝石	
追光	
召唤	
圣阵	
激光	
10回合	
饮剑·改	
饮盾·改	
冰凌剑	
冰封术	
冻伤	
压制	
压制·伪	
同调·魔	
生命限制	
贪婪·改	
禁锢	
滋生	
暴走	
心之灵	
败移	
小队	
硬化	
大队	
血遁	
吹火掌	
血杀	
散华·改	
/亿	
试图创建未定义的敌人 [	
] 的怪物手册条目	
特殊属性 编号[	
纳家练兵场	
燕岗城郊	
地宫	
地宫核心	
幻境核心	
城门战	
密林战	
古墓战	
破败之域	
破败危壁	
枯叶走廊	
灰魇【WIP】	
灰魇庭院	
珍珠海	
风雷大会	
行道盟审判战	
深林【WIP】	
血魔海	
炎眸【WIP】	
葬地【WIP】	
冗音圣树	
冗音之塔	
音界	
圣城【WIP】	
毛茸茸	
纳家待从	
腐蚀质石精	
夜行幽灵	
行走树妖	
妖灵飞蛾	
百家近卫	
大门派杂役	
威武武士	
废墟猎兵	
废墟虫卒	
荒兽电法兵	
塔门战甲B1	
无面修者	
有角族壮年	
冰原之痕	
探险者的怨恨	
大门派先锋	
奇异菇菇	
心魔	
魔草绿球	
水晶骷髅	
燕岗战法小队	
青茸茸将军	
